sigma_a_Yb:CaF2_x	sigma_a_Yb:CaF2_y	sigma_e_Füchtbauer_x	sigma_e_Füchtbauer_y	sigma_e_McCumber_x	sigma_e_McCumber_y	sigma_e_average_x	sigma_e_average_y	sigma_a_average_x	sigma_a_average_y
8.00000e+02	1.38981e-23	8.00000e+02	1.84080e-23	8.00000e+02	3.14191e-28	8.00000e+02	3.14191e-28	8.00000e+02	1.38981e-23
8.00350e+02	9.16316e-24	8.00350e+02	1.93139e-23	8.00350e+02	2.12653e-28	8.00350e+02	2.12653e-28	8.00350e+02	9.16316e-24
8.00700e+02	7.13381e-24	8.00700e+02	1.93979e-23	8.00700e+02	1.69952e-28	8.00700e+02	1.69952e-28	8.00700e+02	7.13381e-24
8.01050e+02	7.04726e-24	8.01050e+02	1.90031e-23	8.01050e+02	1.72342e-28	8.01050e+02	1.72342e-28	8.01050e+02	7.04726e-24
8.01400e+02	8.14077e-24	8.01400e+02	1.87686e-23	8.01400e+02	2.04359e-28	8.01400e+02	2.04359e-28	8.01400e+02	8.14077e-24
8.01750e+02	9.99284e-24	8.01750e+02	1.92746e-23	8.01750e+02	2.57493e-28	8.01750e+02	2.57493e-28	8.01750e+02	9.99284e-24
8.02100e+02	9.40348e-24	8.02100e+02	2.05226e-23	8.02100e+02	2.48715e-28	8.02100e+02	2.48715e-28	8.02100e+02	9.40348e-24
8.02450e+02	7.80594e-24	8.02450e+02	2.17948e-23	8.02450e+02	2.11917e-28	8.02450e+02	2.11917e-28	8.02450e+02	7.80594e-24
8.02800e+02	8.37202e-24	8.02800e+02	2.22415e-23	8.02800e+02	2.33286e-28	8.02800e+02	2.33286e-28	8.02800e+02	8.37202e-24
8.03150e+02	7.37351e-24	8.03150e+02	2.17199e-23	8.03150e+02	2.10882e-28	8.03150e+02	2.10882e-28	8.03150e+02	7.37351e-24
8.03500e+02	7.79123e-24	8.03500e+02	2.09650e-23	8.03500e+02	2.28702e-28	8.03500e+02	2.28702e-28	8.03500e+02	7.79123e-24
8.03850e+02	6.43663e-24	8.03850e+02	2.08361e-23	8.03850e+02	1.93915e-28	8.03850e+02	1.93915e-28	8.03850e+02	6.43663e-24
8.04200e+02	6.49269e-24	8.04200e+02	2.14591e-23	8.04200e+02	2.00750e-28	8.04200e+02	2.00750e-28	8.04200e+02	6.49269e-24
8.04550e+02	7.70414e-24	8.04550e+02	2.22205e-23	8.04550e+02	2.44468e-28	8.04550e+02	2.44468e-28	8.04550e+02	7.70414e-24
8.04900e+02	7.45559e-24	8.04900e+02	2.25433e-23	8.04900e+02	2.42795e-28	8.04900e+02	2.42795e-28	8.04900e+02	7.45559e-24
8.05250e+02	6.38879e-24	8.05250e+02	2.24601e-23	8.05250e+02	2.13513e-28	8.05250e+02	2.13513e-28	8.05250e+02	6.38879e-24
8.05600e+02	5.63652e-24	8.05600e+02	2.23467e-23	8.05600e+02	1.93311e-28	8.05600e+02	1.93311e-28	8.05600e+02	5.63652e-24
8.05950e+02	7.86615e-24	8.05950e+02	2.22967e-23	8.05950e+02	2.76845e-28	8.05950e+02	2.76845e-28	8.05950e+02	7.86615e-24
8.06300e+02	9.83853e-24	8.06300e+02	2.20216e-23	8.06300e+02	3.55323e-28	8.06300e+02	3.55323e-28	8.06300e+02	9.83853e-24
8.06650e+02	1.05737e-23	8.06650e+02	2.13745e-23	8.06650e+02	3.91859e-28	8.06650e+02	3.91859e-28	8.06650e+02	1.05737e-23
8.07000e+02	1.13155e-23	8.07000e+02	2.07265e-23	8.07000e+02	4.30304e-28	8.07000e+02	4.30304e-28	8.07000e+02	1.13155e-23
8.07350e+02	1.11687e-23	8.07350e+02	2.06463e-23	8.07350e+02	4.35811e-28	8.07350e+02	4.35811e-28	8.07350e+02	1.11687e-23
8.07700e+02	1.04841e-23	8.07700e+02	2.12826e-23	8.07700e+02	4.19764e-28	8.07700e+02	4.19764e-28	8.07700e+02	1.04841e-23
8.08050e+02	9.23071e-24	8.08050e+02	2.22153e-23	8.08050e+02	3.79211e-28	8.08050e+02	3.79211e-28	8.08050e+02	9.23071e-24
8.08400e+02	7.10813e-24	8.08400e+02	2.28903e-23	8.08400e+02	2.99614e-28	8.08400e+02	2.99614e-28	8.08400e+02	7.10813e-24
8.08750e+02	5.04569e-24	8.08750e+02	2.30588e-23	8.08750e+02	2.18212e-28	8.08750e+02	2.18212e-28	8.08750e+02	5.04569e-24
8.09100e+02	4.33836e-24	8.09100e+02	2.28209e-23	8.09100e+02	1.92498e-28	8.09100e+02	1.92498e-28	8.09100e+02	4.33836e-24
8.09450e+02	5.27779e-24	8.09450e+02	2.24843e-23	8.09450e+02	2.40262e-28	8.09450e+02	2.40262e-28	8.09450e+02	5.27779e-24
8.09800e+02	5.46339e-24	8.09800e+02	2.25054e-23	8.09800e+02	2.55163e-28	8.09800e+02	2.55163e-28	8.09800e+02	5.46339e-24
8.10150e+02	7.31088e-24	8.10150e+02	2.32988e-23	8.10150e+02	3.50299e-28	8.10150e+02	3.50299e-28	8.10150e+02	7.31088e-24
8.10500e+02	8.42823e-24	8.10500e+02	2.47118e-23	8.10500e+02	4.14294e-28	8.10500e+02	4.14294e-28	8.10500e+02	8.42823e-24
8.10850e+02	9.28286e-24	8.10850e+02	2.57046e-23	8.10850e+02	4.68110e-28	8.10850e+02	4.68110e-28	8.10850e+02	9.28286e-24
8.11200e+02	9.88457e-24	8.11200e+02	2.50582e-23	8.11200e+02	5.11339e-28	8.11200e+02	5.11339e-28	8.11200e+02	9.88457e-24
8.11550e+02	9.87453e-24	8.11550e+02	2.28118e-23	8.11550e+02	5.24013e-28	8.11550e+02	5.24013e-28	8.11550e+02	9.87453e-24
8.11900e+02	6.79413e-24	8.11900e+02	2.07712e-23	8.11900e+02	3.69849e-28	8.11900e+02	3.69849e-28	8.11900e+02	6.79413e-24
8.12250e+02	4.38207e-24	8.12250e+02	2.09524e-23	8.12250e+02	2.44696e-28	8.12250e+02	2.44696e-28	8.12250e+02	4.38207e-24
8.12600e+02	6.22185e-24	8.12600e+02	2.32535e-23	8.12600e+02	3.56379e-28	8.12600e+02	3.56379e-28	8.12600e+02	6.22185e-24
8.12950e+02	6.86790e-24	8.12950e+02	2.51179e-23	8.12950e+02	4.03509e-28	8.12950e+02	4.03509e-28	8.12950e+02	6.86790e-24
8.13300e+02	7.46298e-24	8.13300e+02	2.41109e-23	8.13300e+02	4.49748e-28	8.13300e+02	4.49748e-28	8.13300e+02	7.46298e-24
8.13650e+02	7.22270e-24	8.13650e+02	2.08225e-23	8.13650e+02	4.46451e-28	8.13650e+02	4.46451e-28	8.13650e+02	7.22270e-24
8.14000e+02	7.77500e-24	8.14000e+02	1.86123e-23	8.14000e+02	4.92928e-28	8.14000e+02	4.92928e-28	8.14000e+02	7.77500e-24
8.14350e+02	6.25171e-24	8.14350e+02	2.00664e-23	8.14350e+02	4.06518e-28	8.14350e+02	4.06518e-28	8.14350e+02	6.25171e-24
8.14700e+02	4.13876e-24	8.14700e+02	2.40085e-23	8.14700e+02	2.76020e-28	8.14700e+02	2.76020e-28	8.14700e+02	4.13876e-24
8.15050e+02	2.29148e-24	8.15050e+02	2.66034e-23	8.15050e+02	1.56735e-28	8.15050e+02	1.56735e-28	8.15050e+02	2.29148e-24
8.15400e+02	4.68599e-24	8.15400e+02	2.54789e-23	8.15400e+02	3.28717e-28	8.15400e+02	3.28717e-28	8.15400e+02	4.68599e-24
8.15750e+02	7.83220e-24	8.15750e+02	2.22223e-23	8.15750e+02	5.63464e-28	8.15750e+02	5.63464e-28	8.15750e+02	7.83220e-24
8.16100e+02	8.94994e-24	8.16100e+02	2.04325e-23	8.16100e+02	6.60319e-28	8.16100e+02	6.60319e-28	8.16100e+02	8.94994e-24
8.16450e+02	9.92255e-24	8.16450e+02	2.16762e-23	8.16450e+02	7.50757e-28	8.16450e+02	7.50757e-28	8.16450e+02	9.92255e-24
8.16800e+02	9.93786e-24	8.16800e+02	2.40233e-23	8.16800e+02	7.71084e-28	8.16800e+02	7.71084e-28	8.16800e+02	9.93786e-24
8.17150e+02	9.53504e-24	8.17150e+02	2.46130e-23	8.17150e+02	7.58674e-28	8.17150e+02	7.58674e-28	8.17150e+02	9.53504e-24
8.17500e+02	7.67538e-24	8.17500e+02	2.29590e-23	8.17500e+02	6.26248e-28	8.17500e+02	6.26248e-28	8.17500e+02	7.67538e-24
8.17850e+02	4.89646e-24	8.17850e+02	2.11582e-23	8.17850e+02	4.09669e-28	8.17850e+02	4.09669e-28	8.17850e+02	4.89646e-24
8.18200e+02	5.07686e-24	8.18200e+02	2.11811e-23	8.18200e+02	4.35554e-28	8.18200e+02	4.35554e-28	8.18200e+02	5.07686e-24
8.18550e+02	6.23844e-24	8.18550e+02	2.27958e-23	8.18550e+02	5.48794e-28	8.18550e+02	5.48794e-28	8.18550e+02	6.23844e-24
8.18900e+02	4.84648e-24	8.18900e+02	2.44024e-23	8.18900e+02	4.37156e-28	8.18900e+02	4.37156e-28	8.18900e+02	4.84648e-24
8.19250e+02	3.97138e-24	8.19250e+02	2.51902e-23	8.19250e+02	3.67299e-28	8.19250e+02	3.67299e-28	8.19250e+02	3.97138e-24
8.19600e+02	3.13571e-24	8.19600e+02	2.56836e-23	8.19600e+02	2.97352e-28	8.19600e+02	2.97352e-28	8.19600e+02	3.13571e-24
8.19950e+02	1.99166e-24	8.19950e+02	2.63270e-23	8.19950e+02	1.93642e-28	8.19950e+02	1.93642e-28	8.19950e+02	1.99166e-24
8.20300e+02	1.78711e-24	8.20300e+02	2.64813e-23	8.20300e+02	1.78146e-28	8.20300e+02	1.78146e-28	8.20300e+02	1.78711e-24
8.20650e+02	2.20358e-24	8.20650e+02	2.53893e-23	8.20650e+02	2.25208e-28	8.20650e+02	2.25208e-28	8.20650e+02	2.20358e-24
8.21000e+02	2.21609e-24	8.21000e+02	2.36616e-23	8.21000e+02	2.32201e-28	8.21000e+02	2.32201e-28	8.21000e+02	2.21609e-24
8.21350e+02	4.51738e-24	8.21350e+02	2.29423e-23	8.21350e+02	4.85260e-28	8.21350e+02	4.85260e-28	8.21350e+02	4.51738e-24
8.21700e+02	7.59698e-24	8.21700e+02	2.39234e-23	8.21700e+02	8.36628e-28	8.21700e+02	8.36628e-28	8.21700e+02	7.59698e-24
8.22050e+02	9.56501e-24	8.22050e+02	2.53094e-23	8.22050e+02	1.07987e-27	8.22050e+02	1.07987e-27	8.22050e+02	9.56501e-24
8.22400e+02	9.71543e-24	8.22400e+02	2.52637e-23	8.22400e+02	1.12443e-27	8.22400e+02	1.12443e-27	8.22400e+02	9.71543e-24
8.22750e+02	8.98174e-24	8.22750e+02	2.36217e-23	8.22750e+02	1.06563e-27	8.22750e+02	1.06563e-27	8.22750e+02	8.98174e-24
8.23100e+02	7.42712e-24	8.23100e+02	2.20862e-23	8.23100e+02	9.03298e-28	8.23100e+02	9.03298e-28	8.23100e+02	7.42712e-24
8.23450e+02	6.03490e-24	8.23450e+02	2.21777e-23	8.23450e+02	7.52382e-28	8.23450e+02	7.52382e-28	8.23450e+02	6.03490e-24
8.23800e+02	4.56806e-24	8.23800e+02	2.35307e-23	8.23800e+02	5.83777e-28	8.23800e+02	5.83777e-28	8.23800e+02	4.56806e-24
8.24150e+02	2.40063e-24	8.24150e+02	2.45369e-23	8.24150e+02	3.14470e-28	8.24150e+02	3.14470e-28	8.24150e+02	2.40063e-24
8.24500e+02	2.37925e-24	8.24500e+02	2.42667e-23	8.24500e+02	3.19466e-28	8.24500e+02	3.19466e-28	8.24500e+02	2.37925e-24
8.24850e+02	3.88599e-24	8.24850e+02	2.31719e-23	8.24850e+02	5.34818e-28	8.24850e+02	5.34818e-28	8.24850e+02	3.88599e-24
8.25200e+02	4.21676e-24	8.25200e+02	2.20170e-23	8.25200e+02	5.94832e-28	8.25200e+02	5.94832e-28	8.25200e+02	4.21676e-24
8.25550e+02	3.68029e-24	8.25550e+02	2.08939e-23	8.25550e+02	5.32108e-28	8.25550e+02	5.32108e-28	8.25550e+02	3.68029e-24
8.25900e+02	2.67628e-24	8.25900e+02	1.97202e-23	8.25900e+02	3.96591e-28	8.25900e+02	3.96591e-28	8.25900e+02	2.67628e-24
8.26250e+02	2.20112e-24	8.26250e+02	1.91557e-23	8.26250e+02	3.34302e-28	8.26250e+02	3.34302e-28	8.26250e+02	2.20112e-24
8.26600e+02	3.72007e-24	8.26600e+02	2.01226e-23	8.26600e+02	5.79058e-28	8.26600e+02	5.79058e-28	8.26600e+02	3.72007e-24
8.26950e+02	5.23838e-24	8.26950e+02	2.22825e-23	8.26950e+02	8.35668e-28	8.26950e+02	8.35668e-28	8.26950e+02	5.23838e-24
8.27300e+02	6.88198e-24	8.27300e+02	2.37652e-23	8.27300e+02	1.12514e-27	8.27300e+02	1.12514e-27	8.27300e+02	6.88198e-24
8.27650e+02	8.35290e-24	8.27650e+02	2.30775e-23	8.27650e+02	1.39952e-27	8.27650e+02	1.39952e-27	8.27650e+02	8.35290e-24
8.28000e+02	9.03659e-24	8.28000e+02	2.10227e-23	8.28000e+02	1.55162e-27	8.28000e+02	1.55162e-27	8.28000e+02	9.03659e-24
8.28350e+02	8.57145e-24	8.28350e+02	1.99743e-23	8.28350e+02	1.50822e-27	8.28350e+02	1.50822e-27	8.28350e+02	8.57145e-24
8.28700e+02	6.96029e-24	8.28700e+02	2.10704e-23	8.28700e+02	1.25505e-27	8.28700e+02	1.25505e-27	8.28700e+02	6.96029e-24
8.29050e+02	3.57554e-24	8.29050e+02	2.27628e-23	8.29050e+02	6.60671e-28	8.29050e+02	6.60671e-28	8.29050e+02	3.57554e-24
8.29400e+02	2.98457e-24	8.29400e+02	2.26854e-23	8.29400e+02	5.65104e-28	8.29400e+02	5.65104e-28	8.29400e+02	2.98457e-24
8.29750e+02	2.86909e-24	8.29750e+02	2.06196e-23	8.29750e+02	5.56655e-28	8.29750e+02	5.56655e-28	8.29750e+02	2.86909e-24
8.30100e+02	3.11434e-24	8.30100e+02	1.88247e-23	8.30100e+02	6.19147e-28	8.30100e+02	6.19147e-28	8.30100e+02	3.11434e-24
8.30450e+02	4.20681e-24	8.30450e+02	1.92836e-23	8.30450e+02	8.56951e-28	8.30450e+02	8.56951e-28	8.30450e+02	4.20681e-24
8.30800e+02	5.94839e-24	8.30800e+02	2.13387e-23	8.30800e+02	1.24157e-27	8.30800e+02	1.24157e-27	8.30800e+02	5.94839e-24
8.31150e+02	9.43121e-24	8.31150e+02	2.26683e-23	8.31150e+02	2.01696e-27	8.31150e+02	2.01696e-27	8.31150e+02	9.43121e-24
8.31500e+02	9.77215e-24	8.31500e+02	2.22449e-23	8.31500e+02	2.14126e-27	8.31500e+02	2.14126e-27	8.31500e+02	9.77215e-24
8.31850e+02	1.28544e-23	8.31850e+02	2.14422e-23	8.31850e+02	2.88582e-27	8.31850e+02	2.88582e-27	8.31850e+02	1.28544e-23
8.32200e+02	1.66892e-23	8.32200e+02	2.20029e-23	8.32200e+02	3.83872e-27	8.32200e+02	3.83872e-27	8.32200e+02	1.66892e-23
8.32550e+02	1.80096e-23	8.32550e+02	2.36974e-23	8.32550e+02	4.24402e-27	8.32550e+02	4.24402e-27	8.32550e+02	1.80096e-23
8.32900e+02	1.85099e-23	8.32900e+02	2.47611e-23	8.32900e+02	4.46882e-27	8.32900e+02	4.46882e-27	8.32900e+02	1.85099e-23
8.33250e+02	2.22361e-23	8.33250e+02	2.43574e-23	8.33250e+02	5.49987e-27	8.33250e+02	5.49987e-27	8.33250e+02	2.22361e-23
8.33600e+02	2.42339e-23	8.33600e+02	2.36306e-23	8.33600e+02	6.14064e-27	8.33600e+02	6.14064e-27	8.33600e+02	2.42339e-23
8.33950e+02	2.61399e-23	8.33950e+02	2.39499e-23	8.33950e+02	6.78551e-27	8.33950e+02	6.78551e-27	8.33950e+02	2.61399e-23
8.34300e+02	2.75977e-23	8.34300e+02	2.48651e-23	8.34300e+02	7.33889e-27	8.34300e+02	7.33889e-27	8.34300e+02	2.75977e-23
8.34650e+02	2.41732e-23	8.34650e+02	2.46901e-23	8.34650e+02	6.58509e-27	8.34650e+02	6.58509e-27	8.34650e+02	2.41732e-23
8.35000e+02	2.34190e-23	8.35000e+02	2.29635e-23	8.35000e+02	6.53517e-27	8.35000e+02	6.53517e-27	8.35000e+02	2.34190e-23
8.35350e+02	2.15444e-23	8.35350e+02	2.13466e-23	8.35350e+02	6.15853e-27	8.35350e+02	6.15853e-27	8.35350e+02	2.15444e-23
8.35700e+02	1.52033e-23	8.35700e+02	2.15827e-23	8.35700e+02	4.45168e-27	8.35700e+02	4.45168e-27	8.35700e+02	1.52033e-23
8.36050e+02	1.08503e-23	8.36050e+02	2.32082e-23	8.36050e+02	3.25433e-27	8.36050e+02	3.25433e-27	8.36050e+02	1.08503e-23
8.36400e+02	1.07953e-23	8.36400e+02	2.41782e-23	8.36400e+02	3.31652e-27	8.36400e+02	3.31652e-27	8.36400e+02	1.07953e-23
8.36750e+02	9.47758e-24	8.36750e+02	2.36529e-23	8.36750e+02	2.98237e-27	8.36750e+02	2.98237e-27	8.36750e+02	9.47758e-24
8.37100e+02	1.07877e-23	8.37100e+02	2.31408e-23	8.37100e+02	3.47699e-27	8.37100e+02	3.47699e-27	8.37100e+02	1.07877e-23
8.37450e+02	1.53486e-23	8.37450e+02	2.42989e-23	8.37450e+02	5.06690e-27	8.37450e+02	5.06690e-27	8.37450e+02	1.53486e-23
8.37800e+02	1.82347e-23	8.37800e+02	2.62771e-23	8.37800e+02	6.16543e-27	8.37800e+02	6.16543e-27	8.37800e+02	1.82347e-23
8.38150e+02	2.08403e-23	8.38150e+02	2.63683e-23	8.38150e+02	7.21693e-27	8.38150e+02	7.21693e-27	8.38150e+02	2.08403e-23
8.38500e+02	2.33858e-23	8.38500e+02	2.34552e-23	8.38500e+02	8.29422e-27	8.38500e+02	8.29422e-27	8.38500e+02	2.33858e-23
8.38850e+02	2.25628e-23	8.38850e+02	1.98532e-23	8.38850e+02	8.19560e-27	8.38850e+02	8.19560e-27	8.38850e+02	2.25628e-23
8.39200e+02	2.33621e-23	8.39200e+02	1.89291e-23	8.39200e+02	8.69075e-27	8.39200e+02	8.69075e-27	8.39200e+02	2.33621e-23
8.39550e+02	2.62397e-23	8.39550e+02	2.12481e-23	8.39550e+02	9.99661e-27	8.39550e+02	9.99661e-27	8.39550e+02	2.62397e-23
8.39900e+02	2.76590e-23	8.39900e+02	2.40217e-23	8.39900e+02	1.07912e-26	8.39900e+02	1.07912e-26	8.39900e+02	2.76590e-23
8.40250e+02	3.14298e-23	8.40250e+02	2.45502e-23	8.40250e+02	1.25576e-26	8.40250e+02	1.25576e-26	8.40250e+02	3.14298e-23
8.40600e+02	3.58498e-23	8.40600e+02	2.33392e-23	8.40600e+02	1.46681e-26	8.40600e+02	1.46681e-26	8.40600e+02	3.58498e-23
8.40950e+02	3.82139e-23	8.40950e+02	2.30550e-23	8.40950e+02	1.60111e-26	8.40950e+02	1.60111e-26	8.40950e+02	3.82139e-23
8.41300e+02	3.98069e-23	8.41300e+02	2.48346e-23	8.41300e+02	1.70791e-26	8.41300e+02	1.70791e-26	8.41300e+02	3.98069e-23
8.41650e+02	3.98477e-23	8.41650e+02	2.67702e-23	8.41650e+02	1.75067e-26	8.41650e+02	1.75067e-26	8.41650e+02	3.98477e-23
8.42000e+02	3.76747e-23	8.42000e+02	2.64524e-23	8.42000e+02	1.69488e-26	8.42000e+02	1.69488e-26	8.42000e+02	3.76747e-23
8.42350e+02	3.76482e-23	8.42350e+02	2.41777e-23	8.42350e+02	1.73426e-26	8.42350e+02	1.73426e-26	8.42350e+02	3.76482e-23
8.42700e+02	3.70491e-23	8.42700e+02	2.26380e-23	8.42700e+02	1.74750e-26	8.42700e+02	1.74750e-26	8.42700e+02	3.70491e-23
8.43050e+02	3.27095e-23	8.43050e+02	2.35203e-23	8.43050e+02	1.57971e-26	8.43050e+02	1.57971e-26	8.43050e+02	3.27095e-23
8.43400e+02	2.73180e-23	8.43400e+02	2.54020e-23	8.43400e+02	1.35085e-26	8.43400e+02	1.35085e-26	8.43400e+02	2.73180e-23
8.43750e+02	2.33207e-23	8.43750e+02	2.55903e-23	8.43750e+02	1.18071e-26	8.43750e+02	1.18071e-26	8.43750e+02	2.33207e-23
8.44100e+02	2.29055e-23	8.44100e+02	2.35064e-23	8.44100e+02	1.18735e-26	8.44100e+02	1.18735e-26	8.44100e+02	2.29055e-23
8.44450e+02	2.41489e-23	8.44450e+02	2.13824e-23	8.44450e+02	1.28164e-26	8.44450e+02	1.28164e-26	8.44450e+02	2.41489e-23
8.44800e+02	2.70310e-23	8.44800e+02	2.15609e-23	8.44800e+02	1.46876e-26	8.44800e+02	1.46876e-26	8.44800e+02	2.70310e-23
8.45150e+02	3.13374e-23	8.45150e+02	2.38582e-23	8.45150e+02	1.74326e-26	8.45150e+02	1.74326e-26	8.45150e+02	3.13374e-23
8.45500e+02	3.54369e-23	8.45500e+02	2.60514e-23	8.45500e+02	2.01818e-26	8.45500e+02	2.01818e-26	8.45500e+02	3.54369e-23
8.45850e+02	3.69444e-23	8.45850e+02	2.64799e-23	8.45850e+02	2.15400e-26	8.45850e+02	2.15400e-26	8.45850e+02	3.69444e-23
8.46200e+02	3.29605e-23	8.46200e+02	2.54322e-23	8.46200e+02	1.96733e-26	8.46200e+02	1.96733e-26	8.46200e+02	3.29605e-23
8.46550e+02	2.97965e-23	8.46550e+02	2.40671e-23	8.46550e+02	1.82065e-26	8.46550e+02	1.82065e-26	8.46550e+02	2.97965e-23
8.46900e+02	3.14130e-23	8.46900e+02	2.28830e-23	8.46900e+02	1.96490e-26	8.46900e+02	1.96490e-26	8.46900e+02	3.14130e-23
8.47250e+02	3.50639e-23	8.47250e+02	2.18314e-23	8.47250e+02	2.24518e-26	8.47250e+02	2.24518e-26	8.47250e+02	3.50639e-23
8.47600e+02	3.99923e-23	8.47600e+02	2.13989e-23	8.47600e+02	2.62133e-26	8.47600e+02	2.62133e-26	8.47600e+02	3.99923e-23
8.47950e+02	4.52920e-23	8.47950e+02	2.25279e-23	8.47950e+02	3.03886e-26	8.47950e+02	3.03886e-26	8.47950e+02	4.52920e-23
8.48300e+02	5.08282e-23	8.48300e+02	2.51287e-23	8.48300e+02	3.49084e-26	8.48300e+02	3.49084e-26	8.48300e+02	5.08282e-23
8.48650e+02	5.47608e-23	8.48650e+02	2.73512e-23	8.48650e+02	3.84966e-26	8.48650e+02	3.84966e-26	8.48650e+02	5.47608e-23
8.49000e+02	5.46943e-23	8.49000e+02	2.71203e-23	8.49000e+02	3.93563e-26	8.49000e+02	3.93563e-26	8.49000e+02	5.46943e-23
8.49350e+02	5.09097e-23	8.49350e+02	2.44186e-23	8.49350e+02	3.74958e-26	8.49350e+02	3.74958e-26	8.49350e+02	5.09097e-23
8.49700e+02	5.01994e-23	8.49700e+02	2.15257e-23	8.49700e+02	3.78428e-26	8.49700e+02	3.78428e-26	8.49700e+02	5.01994e-23
8.50050e+02	5.38970e-23	8.50050e+02	2.07661e-23	8.50050e+02	4.15856e-26	8.50050e+02	4.15856e-26	8.50050e+02	5.38970e-23
8.50400e+02	5.82431e-23	8.50400e+02	2.23286e-23	8.50400e+02	4.59948e-26	8.50400e+02	4.59948e-26	8.50400e+02	5.82431e-23
8.50750e+02	6.10142e-23	8.50750e+02	2.45309e-23	8.50750e+02	4.93143e-26	8.50750e+02	4.93143e-26	8.50750e+02	6.10142e-23
8.51100e+02	6.07680e-23	8.51100e+02	2.58599e-23	8.51100e+02	5.02674e-26	8.51100e+02	5.02674e-26	8.51100e+02	6.07680e-23
8.51450e+02	6.28639e-23	8.51450e+02	2.61830e-23	8.51450e+02	5.32198e-26	8.51450e+02	5.32198e-26	8.51450e+02	6.28639e-23
8.51800e+02	6.50822e-23	8.51800e+02	2.60246e-23	8.51800e+02	5.63881e-26	8.51800e+02	5.63881e-26	8.51800e+02	6.50822e-23
8.52150e+02	6.28159e-23	8.52150e+02	2.54380e-23	8.52150e+02	5.56979e-26	8.52150e+02	5.56979e-26	8.52150e+02	6.28159e-23
8.52500e+02	5.83520e-23	8.52500e+02	2.42186e-23	8.52500e+02	5.29494e-26	8.52500e+02	5.29494e-26	8.52500e+02	5.83520e-23
8.52850e+02	5.77715e-23	8.52850e+02	2.29422e-23	8.52850e+02	5.36472e-26	8.52850e+02	5.36472e-26	8.52850e+02	5.77715e-23
8.53200e+02	6.08973e-23	8.53200e+02	2.29259e-23	8.53200e+02	5.78697e-26	8.53200e+02	5.78697e-26	8.53200e+02	6.08973e-23
8.53550e+02	6.52708e-23	8.53550e+02	2.47208e-23	8.53550e+02	6.34723e-26	8.53550e+02	6.34723e-26	8.53550e+02	6.52708e-23
8.53900e+02	6.61187e-23	8.53900e+02	2.70418e-23	8.53900e+02	6.57949e-26	8.53900e+02	6.57949e-26	8.53900e+02	6.61187e-23
8.54250e+02	6.53257e-23	8.54250e+02	2.78277e-23	8.54250e+02	6.65193e-26	8.54250e+02	6.65193e-26	8.54250e+02	6.53257e-23
8.54600e+02	6.74947e-23	8.54600e+02	2.64678e-23	8.54600e+02	7.03266e-26	8.54600e+02	7.03266e-26	8.54600e+02	6.74947e-23
8.54950e+02	7.01131e-23	8.54950e+02	2.45676e-23	8.54950e+02	7.47529e-26	8.54950e+02	7.47529e-26	8.54950e+02	7.01131e-23
8.55300e+02	7.02857e-23	8.55300e+02	2.42401e-23	8.55300e+02	7.66773e-26	8.55300e+02	7.66773e-26	8.55300e+02	7.02857e-23
8.55650e+02	6.86638e-23	8.55650e+02	2.58479e-23	8.55650e+02	7.66461e-26	8.55650e+02	7.66461e-26	8.55650e+02	6.86638e-23
8.56000e+02	6.69545e-23	8.56000e+02	2.77427e-23	8.56000e+02	7.64710e-26	8.56000e+02	7.64710e-26	8.56000e+02	6.69545e-23
8.56350e+02	6.88140e-23	8.56350e+02	2.81455e-23	8.56350e+02	8.04154e-26	8.56350e+02	8.04154e-26	8.56350e+02	6.88140e-23
8.56700e+02	7.32746e-23	8.56700e+02	2.69112e-23	8.56700e+02	8.76101e-26	8.56700e+02	8.76101e-26	8.56700e+02	7.32746e-23
8.57050e+02	7.49367e-23	8.57050e+02	2.53296e-23	8.57050e+02	9.16695e-26	8.57050e+02	9.16695e-26	8.57050e+02	7.49367e-23
8.57400e+02	7.50095e-23	8.57400e+02	2.45489e-23	8.57400e+02	9.38790e-26	8.57400e+02	9.38790e-26	8.57400e+02	7.50095e-23
8.57750e+02	7.47214e-23	8.57750e+02	2.45767e-23	8.57750e+02	9.56778e-26	8.57750e+02	9.56778e-26	8.57750e+02	7.47214e-23
8.58100e+02	7.26530e-23	8.58100e+02	2.47398e-23	8.58100e+02	9.51755e-26	8.58100e+02	9.51755e-26	8.58100e+02	7.26530e-23
8.58450e+02	6.79215e-23	8.58450e+02	2.46644e-23	8.58450e+02	9.10283e-26	8.58450e+02	9.10283e-26	8.58450e+02	6.79215e-23
8.58800e+02	6.26586e-23	8.58800e+02	2.45319e-23	8.58800e+02	8.59092e-26	8.58800e+02	8.59092e-26	8.58800e+02	6.26586e-23
8.59150e+02	6.18261e-23	8.59150e+02	2.45784e-23	8.59150e+02	8.67185e-26	8.59150e+02	8.67185e-26	8.59150e+02	6.18261e-23
8.59500e+02	6.87682e-23	8.59500e+02	2.47104e-23	8.59500e+02	9.86737e-26	8.59500e+02	9.86737e-26	8.59500e+02	6.87682e-23
8.59850e+02	8.12656e-23	8.59850e+02	2.47008e-23	8.59850e+02	1.19285e-25	8.59850e+02	1.19285e-25	8.59850e+02	8.12656e-23
8.60200e+02	9.38784e-23	8.60200e+02	2.45528e-23	8.60200e+02	1.40962e-25	8.60200e+02	1.40962e-25	8.60200e+02	9.38784e-23
8.60550e+02	1.06003e-22	8.60550e+02	2.45131e-23	8.60550e+02	1.62818e-25	8.60550e+02	1.62818e-25	8.60550e+02	1.06003e-22
8.60900e+02	1.13534e-22	8.60900e+02	2.47975e-23	8.60900e+02	1.78383e-25	8.60900e+02	1.78383e-25	8.60900e+02	1.13534e-22
8.61250e+02	1.14981e-22	8.61250e+02	2.54149e-23	8.61250e+02	1.84793e-25	8.61250e+02	1.84793e-25	8.61250e+02	1.14981e-22
8.61600e+02	1.10666e-22	8.61600e+02	2.62075e-23	8.61600e+02	1.81928e-25	8.61600e+02	1.81928e-25	8.61600e+02	1.10666e-22
8.61950e+02	1.05724e-22	8.61950e+02	2.69496e-23	8.61950e+02	1.77778e-25	8.61950e+02	1.77778e-25	8.61950e+02	1.05724e-22
8.62300e+02	1.02663e-22	8.62300e+02	2.74510e-23	8.62300e+02	1.76573e-25	8.62300e+02	1.76573e-25	8.62300e+02	1.02663e-22
8.62650e+02	9.89731e-23	8.62650e+02	2.77381e-23	8.62650e+02	1.74113e-25	8.62650e+02	1.74113e-25	8.62650e+02	9.89731e-23
8.63000e+02	9.63997e-23	8.63000e+02	2.81642e-23	8.63000e+02	1.73453e-25	8.63000e+02	1.73453e-25	8.63000e+02	9.63997e-23
8.63350e+02	9.41332e-23	8.63350e+02	2.91431e-23	8.63350e+02	1.73235e-25	8.63350e+02	1.73235e-25	8.63350e+02	9.41332e-23
8.63700e+02	9.54987e-23	8.63700e+02	3.06010e-23	8.63700e+02	1.79749e-25	8.63700e+02	1.79749e-25	8.63700e+02	9.54987e-23
8.64050e+02	9.22412e-23	8.64050e+02	3.18015e-23	8.64050e+02	1.77568e-25	8.64050e+02	1.77568e-25	8.64050e+02	9.22412e-23
8.64400e+02	8.89996e-23	8.64400e+02	3.19647e-23	8.64400e+02	1.75222e-25	8.64400e+02	1.75222e-25	8.64400e+02	8.89996e-23
8.64750e+02	8.46228e-23	8.64750e+02	3.11092e-23	8.64750e+02	1.70389e-25	8.64750e+02	1.70389e-25	8.64750e+02	8.46228e-23
8.65100e+02	8.13510e-23	8.65100e+02	3.00636e-23	8.65100e+02	1.67519e-25	8.65100e+02	1.67519e-25	8.65100e+02	8.13510e-23
8.65450e+02	7.64388e-23	8.65450e+02	2.94934e-23	8.65450e+02	1.60973e-25	8.65450e+02	1.60973e-25	8.65450e+02	7.64388e-23
8.65800e+02	7.28716e-23	8.65800e+02	2.90854e-23	8.65800e+02	1.56938e-25	8.65800e+02	1.56938e-25	8.65800e+02	7.28716e-23
8.66150e+02	7.21424e-23	8.66150e+02	2.79722e-23	8.66150e+02	1.58885e-25	8.66150e+02	1.58885e-25	8.66150e+02	7.21424e-23
8.66500e+02	7.49770e-23	8.66500e+02	2.59588e-23	8.66500e+02	1.68863e-25	8.66500e+02	1.68863e-25	8.66500e+02	7.49770e-23
8.66850e+02	8.11133e-23	8.66850e+02	2.40320e-23	8.66850e+02	1.86812e-25	8.66850e+02	1.86812e-25	8.66850e+02	8.11133e-23
8.67200e+02	8.38596e-23	8.67200e+02	2.34809e-23	8.67200e+02	1.97499e-25	8.67200e+02	1.97499e-25	8.67200e+02	8.38596e-23
8.67550e+02	8.92759e-23	8.67550e+02	2.46807e-23	8.67550e+02	2.14999e-25	8.67550e+02	2.14999e-25	8.67550e+02	8.92759e-23
8.67900e+02	9.50498e-23	8.67900e+02	2.69490e-23	8.67900e+02	2.34065e-25	8.67900e+02	2.34065e-25	8.67900e+02	9.50498e-23
8.68250e+02	9.74674e-23	8.68250e+02	2.94127e-23	8.68250e+02	2.45426e-25	8.68250e+02	2.45426e-25	8.68250e+02	9.74674e-23
8.68600e+02	9.69461e-23	8.68600e+02	3.15864e-23	8.68600e+02	2.49608e-25	8.68600e+02	2.49608e-25	8.68600e+02	9.69461e-23
8.68950e+02	1.00314e-22	8.68950e+02	3.30382e-23	8.68950e+02	2.64090e-25	8.68950e+02	2.64090e-25	8.68950e+02	1.00314e-22
8.69300e+02	1.04039e-22	8.69300e+02	3.30615e-23	8.69300e+02	2.80050e-25	8.69300e+02	2.80050e-25	8.69300e+02	1.04039e-22
8.69650e+02	1.04962e-22	8.69650e+02	3.13177e-23	8.69650e+02	2.88879e-25	8.69650e+02	2.88879e-25	8.69650e+02	1.04962e-22
8.70000e+02	1.02624e-22	8.70000e+02	2.87606e-23	8.70000e+02	2.88780e-25	8.70000e+02	2.88780e-25	8.70000e+02	1.02624e-22
8.70350e+02	1.01202e-22	8.70350e+02	2.72588e-23	8.70350e+02	2.91165e-25	8.70350e+02	2.91165e-25	8.70350e+02	1.01202e-22
8.70700e+02	1.01524e-22	8.70700e+02	2.78328e-23	8.70700e+02	2.98633e-25	8.70700e+02	2.98633e-25	8.70700e+02	1.01524e-22
8.71050e+02	1.01372e-22	8.71050e+02	2.95323e-23	8.71050e+02	3.04860e-25	8.71050e+02	3.04860e-25	8.71050e+02	1.01372e-22
8.71400e+02	9.91247e-23	8.71400e+02	3.05874e-23	8.71400e+02	3.04769e-25	8.71400e+02	3.04769e-25	8.71400e+02	9.91247e-23
8.71750e+02	9.95435e-23	8.71750e+02	3.06300e-23	8.71750e+02	3.12895e-25	8.71750e+02	3.12895e-25	8.71750e+02	9.95435e-23
8.72100e+02	1.00781e-22	8.72100e+02	3.11240e-23	8.72100e+02	3.23858e-25	8.72100e+02	3.23858e-25	8.72100e+02	1.00781e-22
8.72450e+02	1.01060e-22	8.72450e+02	3.32144e-23	8.72450e+02	3.32001e-25	8.72450e+02	3.32001e-25	8.72450e+02	1.01060e-22
8.72800e+02	1.00347e-22	8.72800e+02	3.56626e-23	8.72800e+02	3.37007e-25	8.72800e+02	3.37007e-25	8.72800e+02	1.00347e-22
8.73150e+02	9.85984e-23	8.73150e+02	3.58051e-23	8.73150e+02	3.38509e-25	8.73150e+02	3.38509e-25	8.73150e+02	9.85984e-23
8.73500e+02	1.01608e-22	8.73500e+02	3.27719e-23	8.73500e+02	3.56605e-25	8.73500e+02	3.56605e-25	8.73500e+02	1.01608e-22
8.73850e+02	1.05931e-22	8.73850e+02	2.90690e-23	8.73850e+02	3.80046e-25	8.73850e+02	3.80046e-25	8.73850e+02	1.05931e-22
8.74200e+02	1.08574e-22	8.74200e+02	2.82750e-23	8.74200e+02	3.98183e-25	8.74200e+02	3.98183e-25	8.74200e+02	1.08574e-22
8.74550e+02	1.11587e-22	8.74550e+02	3.12935e-23	8.74550e+02	4.18316e-25	8.74550e+02	4.18316e-25	8.74550e+02	1.11587e-22
8.74900e+02	1.17467e-22	8.74900e+02	3.54982e-23	8.74900e+02	4.50129e-25	8.74900e+02	4.50129e-25	8.74900e+02	1.17467e-22
8.75250e+02	1.24104e-22	8.75250e+02	3.77094e-23	8.75250e+02	4.86101e-25	8.75250e+02	4.86101e-25	8.75250e+02	1.24104e-22
8.75600e+02	1.29892e-22	8.75600e+02	3.74081e-23	8.75600e+02	5.20040e-25	8.75600e+02	5.20040e-25	8.75600e+02	1.29892e-22
8.75950e+02	1.33872e-22	8.75950e+02	3.65624e-23	8.75950e+02	5.47839e-25	8.75950e+02	5.47839e-25	8.75950e+02	1.33872e-22
8.76300e+02	1.35208e-22	8.76300e+02	3.67771e-23	8.76300e+02	5.65537e-25	8.76300e+02	5.65537e-25	8.76300e+02	1.35208e-22
8.76650e+02	1.41144e-22	8.76650e+02	3.75685e-23	8.76650e+02	6.03411e-25	8.76650e+02	6.03411e-25	8.76650e+02	1.41144e-22
8.77000e+02	1.44588e-22	8.77000e+02	3.76341e-23	8.77000e+02	6.31780e-25	8.77000e+02	6.31780e-25	8.77000e+02	1.44588e-22
8.77350e+02	1.43374e-22	8.77350e+02	3.69053e-23	8.77350e+02	6.40293e-25	8.77350e+02	6.40293e-25	8.77350e+02	1.43374e-22
8.77700e+02	1.42453e-22	8.77700e+02	3.64466e-23	8.77700e+02	6.50204e-25	8.77700e+02	6.50204e-25	8.77700e+02	1.42453e-22
8.78050e+02	1.45240e-22	8.78050e+02	3.65953e-23	8.78050e+02	6.77524e-25	8.78050e+02	6.77524e-25	8.78050e+02	1.45240e-22
8.78400e+02	1.49529e-22	8.78400e+02	3.62953e-23	8.78400e+02	7.12880e-25	8.78400e+02	7.12880e-25	8.78400e+02	1.49529e-22
8.78750e+02	1.51204e-22	8.78750e+02	3.47580e-23	8.78750e+02	7.36715e-25	8.78750e+02	7.36715e-25	8.78750e+02	1.51204e-22
8.79100e+02	1.51439e-22	8.79100e+02	3.30163e-23	8.79100e+02	7.54069e-25	8.79100e+02	7.54069e-25	8.79100e+02	1.51439e-22
8.79450e+02	1.53098e-22	8.79450e+02	3.28433e-23	8.79450e+02	7.79065e-25	8.79450e+02	7.79065e-25	8.79450e+02	1.53098e-22
8.79800e+02	1.58224e-22	8.79800e+02	3.42530e-23	8.79800e+02	8.22811e-25	8.79800e+02	8.22811e-25	8.79800e+02	1.58224e-22
8.80150e+02	1.60264e-22	8.80150e+02	3.51628e-23	8.80150e+02	8.51687e-25	8.80150e+02	8.51687e-25	8.80150e+02	1.60264e-22
8.80500e+02	1.60098e-22	8.80500e+02	3.41186e-23	8.80500e+02	8.69433e-25	8.80500e+02	8.69433e-25	8.80500e+02	1.60098e-22
8.80850e+02	1.61603e-22	8.80850e+02	3.25920e-23	8.80850e+02	8.96810e-25	8.80850e+02	8.96810e-25	8.80850e+02	1.61603e-22
8.81200e+02	1.65723e-22	8.81200e+02	3.34134e-23	8.81200e+02	9.39779e-25	8.81200e+02	9.39779e-25	8.81200e+02	1.65723e-22
8.81550e+02	1.71332e-22	8.81550e+02	3.69082e-23	8.81550e+02	9.92813e-25	8.81550e+02	9.92813e-25	8.81550e+02	1.71332e-22
8.81900e+02	1.77339e-22	8.81900e+02	3.97989e-23	8.81900e+02	1.05006e-24	8.81900e+02	1.05006e-24	8.81900e+02	1.77339e-22
8.82250e+02	1.84982e-22	8.82250e+02	3.88732e-23	8.82250e+02	1.11920e-24	8.82250e+02	1.11920e-24	8.82250e+02	1.84982e-22
8.82600e+02	1.90198e-22	8.82600e+02	3.52257e-23	8.82600e+02	1.17584e-24	8.82600e+02	1.17584e-24	8.82600e+02	1.90198e-22
8.82950e+02	1.93362e-22	8.82950e+02	3.35801e-23	8.82950e+02	1.22143e-24	8.82950e+02	1.22143e-24	8.82950e+02	1.93362e-22
8.83300e+02	1.93926e-22	8.83300e+02	3.69750e-23	8.83300e+02	1.25164e-24	8.83300e+02	1.25164e-24	8.83300e+02	1.93926e-22
8.83650e+02	1.94673e-22	8.83650e+02	4.30009e-23	8.83650e+02	1.28379e-24	8.83650e+02	1.28379e-24	8.83650e+02	1.94673e-22
8.84000e+02	1.96053e-22	8.84000e+02	4.62508e-23	8.84000e+02	1.32097e-24	8.84000e+02	1.32097e-24	8.84000e+02	1.96053e-22
8.84350e+02	1.99149e-22	8.84350e+02	4.42905e-23	8.84350e+02	1.37096e-24	8.84350e+02	1.37096e-24	8.84350e+02	1.99149e-22
8.84700e+02	2.05330e-22	8.84700e+02	4.02332e-23	8.84700e+02	1.44417e-24	8.84700e+02	1.44417e-24	8.84700e+02	2.05330e-22
8.85050e+02	2.14269e-22	8.85050e+02	3.90752e-23	8.85050e+02	1.53970e-24	8.85050e+02	1.53970e-24	8.85050e+02	2.14269e-22
8.85400e+02	2.24595e-22	8.85400e+02	4.22456e-23	8.85400e+02	1.64885e-24	8.85400e+02	1.64885e-24	8.85400e+02	2.24595e-22
8.85750e+02	2.31434e-22	8.85750e+02	4.65196e-23	8.85750e+02	1.73582e-24	8.85750e+02	1.73582e-24	8.85750e+02	2.31434e-22
8.86100e+02	2.36668e-22	8.86100e+02	4.79384e-23	8.86100e+02	1.81345e-24	8.86100e+02	1.81345e-24	8.86100e+02	2.36668e-22
8.86450e+02	2.41424e-22	8.86450e+02	4.57692e-23	8.86450e+02	1.88986e-24	8.86450e+02	1.88986e-24	8.86450e+02	2.41424e-22
8.86800e+02	2.46126e-22	8.86800e+02	4.23618e-23	8.86800e+02	1.96825e-24	8.86800e+02	1.96825e-24	8.86800e+02	2.46126e-22
8.87150e+02	2.49877e-22	8.87150e+02	4.00856e-23	8.87150e+02	2.04135e-24	8.87150e+02	2.04135e-24	8.87150e+02	2.49877e-22
8.87500e+02	2.55347e-22	8.87500e+02	3.93697e-23	8.87500e+02	2.13099e-24	8.87500e+02	2.13099e-24	8.87500e+02	2.55347e-22
8.87850e+02	2.63216e-22	8.87850e+02	3.94109e-23	8.87850e+02	2.24397e-24	8.87850e+02	2.24397e-24	8.87850e+02	2.63216e-22
8.88200e+02	2.71755e-22	8.88200e+02	3.95787e-23	8.88200e+02	2.36661e-24	8.88200e+02	2.36661e-24	8.88200e+02	2.71755e-22
8.88550e+02	2.79997e-22	8.88550e+02	3.96164e-23	8.88550e+02	2.49082e-24	8.88550e+02	2.49082e-24	8.88550e+02	2.79997e-22
8.88900e+02	2.88228e-22	8.88900e+02	3.93069e-23	8.88900e+02	2.61912e-24	8.88900e+02	2.61912e-24	8.88900e+02	2.88228e-22
8.89250e+02	2.96335e-22	8.89250e+02	3.89287e-23	8.89250e+02	2.75058e-24	8.89250e+02	2.75058e-24	8.89250e+02	2.96335e-22
8.89600e+02	3.04040e-22	8.89600e+02	3.97418e-23	8.89600e+02	2.88264e-24	8.89600e+02	2.88264e-24	8.89600e+02	3.04040e-22
8.89950e+02	3.11236e-22	8.89950e+02	4.27744e-23	8.89950e+02	3.01410e-24	8.89950e+02	3.01410e-24	8.89950e+02	3.11236e-22
8.90300e+02	3.17019e-22	8.90300e+02	4.66441e-23	8.90300e+02	3.13584e-24	8.90300e+02	3.13584e-24	8.90300e+02	3.17019e-22
8.90650e+02	3.24075e-22	8.90650e+02	4.76391e-23	8.90650e+02	3.27423e-24	8.90650e+02	3.27423e-24	8.90650e+02	3.24075e-22
8.91000e+02	3.30591e-22	8.91000e+02	4.33142e-23	8.91000e+02	3.41148e-24	8.91000e+02	3.41148e-24	8.91000e+02	3.30591e-22
8.91350e+02	3.36471e-22	8.91350e+02	3.59788e-23	8.91350e+02	3.54633e-24	8.91350e+02	3.54633e-24	8.91350e+02	3.36471e-22
8.91700e+02	3.44461e-22	8.91700e+02	3.13173e-23	8.91700e+02	3.70804e-24	8.91700e+02	3.70804e-24	8.91700e+02	3.44461e-22
8.92050e+02	3.54370e-22	8.92050e+02	3.27085e-23	8.92050e+02	3.89608e-24	8.92050e+02	3.89608e-24	8.92050e+02	3.54370e-22
8.92400e+02	3.66266e-22	8.92400e+02	3.75713e-23	8.92400e+02	4.11270e-24	8.92400e+02	4.11270e-24	8.92400e+02	3.66266e-22
8.92750e+02	3.76062e-22	8.92750e+02	4.04504e-23	8.92750e+02	4.31261e-24	8.92750e+02	4.31261e-24	8.92750e+02	3.76062e-22
8.93100e+02	3.83350e-22	8.93100e+02	3.95830e-23	8.93100e+02	4.48974e-24	8.93100e+02	4.48974e-24	8.93100e+02	3.83350e-22
8.93450e+02	3.87395e-22	8.93450e+02	3.90181e-23	8.93450e+02	4.63358e-24	8.93450e+02	4.63358e-24	8.93450e+02	3.87395e-22
8.93800e+02	3.90812e-22	8.93800e+02	4.33858e-23	8.93800e+02	4.77376e-24	8.93800e+02	4.77376e-24	8.93800e+02	3.90812e-22
8.94150e+02	3.94896e-22	8.94150e+02	5.15026e-23	8.94150e+02	4.92604e-24	8.94150e+02	4.92604e-24	8.94150e+02	3.94896e-22
8.94500e+02	4.00113e-22	8.94500e+02	5.68498e-23	8.94500e+02	5.09698e-24	8.94500e+02	5.09698e-24	8.94500e+02	4.00113e-22
8.94850e+02	4.07934e-22	8.94850e+02	5.48169e-23	8.94850e+02	5.30676e-24	8.94850e+02	5.30676e-24	8.94850e+02	4.07934e-22
8.95200e+02	4.15788e-22	8.95200e+02	4.82284e-23	8.95200e+02	5.52348e-24	8.95200e+02	5.52348e-24	8.95200e+02	4.15788e-22
8.95550e+02	4.26043e-22	8.95550e+02	4.44708e-23	8.95550e+02	5.77947e-24	8.95550e+02	5.77947e-24	8.95550e+02	4.26043e-22
8.95900e+02	4.35970e-22	8.95900e+02	4.74805e-23	8.95900e+02	6.03920e-24	8.95900e+02	6.03920e-24	8.95900e+02	4.35970e-22
8.96250e+02	4.44728e-22	8.96250e+02	5.38505e-23	8.96250e+02	6.29067e-24	8.96250e+02	6.29067e-24	8.96250e+02	4.44728e-22
8.96600e+02	4.52597e-22	8.96600e+02	5.72166e-23	8.96600e+02	6.53713e-24	8.96600e+02	6.53713e-24	8.96600e+02	4.52597e-22
8.96950e+02	4.61373e-22	8.96950e+02	5.53402e-23	8.96950e+02	6.80446e-24	8.96950e+02	6.80446e-24	8.96950e+02	4.61373e-22
8.97300e+02	4.70717e-22	8.97300e+02	5.17367e-23	8.97300e+02	7.08859e-24	8.97300e+02	7.08859e-24	8.97300e+02	4.70717e-22
8.97650e+02	4.76734e-22	8.97650e+02	5.08031e-23	8.97650e+02	7.33041e-24	8.97650e+02	7.33041e-24	8.97650e+02	4.76734e-22
8.98000e+02	4.82777e-22	8.98000e+02	5.29246e-23	8.98000e+02	7.57954e-24	8.98000e+02	7.57954e-24	8.98000e+02	4.82777e-22
8.98350e+02	4.86899e-22	8.98350e+02	5.50665e-23	8.98350e+02	7.80501e-24	8.98350e+02	7.80501e-24	8.98350e+02	4.86899e-22
8.98700e+02	4.94818e-22	8.98700e+02	5.50740e-23	8.98700e+02	8.09861e-24	8.98700e+02	8.09861e-24	8.98700e+02	4.94818e-22
8.99050e+02	5.05631e-22	8.99050e+02	5.38947e-23	8.99050e+02	8.44934e-24	8.99050e+02	8.44934e-24	8.99050e+02	5.05631e-22
8.99400e+02	5.17389e-22	8.99400e+02	5.35641e-23	8.99400e+02	8.82719e-24	8.99400e+02	8.82719e-24	8.99400e+02	5.17389e-22
8.99750e+02	5.31259e-22	8.99750e+02	5.44221e-23	8.99750e+02	9.25383e-24	8.99750e+02	9.25383e-24	8.99750e+02	5.31259e-22
9.00100e+02	5.48150e-22	9.00100e+02	5.52874e-23	9.00100e+02	9.74803e-24	9.00100e+02	9.74803e-24	9.00100e+02	5.48150e-22
9.00450e+02	5.63029e-22	9.00450e+02	5.57028e-23	9.00450e+02	1.02222e-23	9.00450e+02	1.02222e-23	9.00450e+02	5.63029e-22
9.00800e+02	5.71261e-22	9.00800e+02	5.66558e-23	9.00800e+02	1.05885e-23	9.00800e+02	1.05885e-23	9.00800e+02	5.71261e-22
9.01150e+02	5.77885e-22	9.01150e+02	5.88132e-23	9.01150e+02	1.09352e-23	9.01150e+02	1.09352e-23	9.01150e+02	5.77885e-22
9.01500e+02	5.82466e-22	9.01500e+02	6.10776e-23	9.01500e+02	1.12520e-23	9.01500e+02	1.12520e-23	9.01500e+02	5.82466e-22
9.01850e+02	5.88932e-22	9.01850e+02	6.17581e-23	9.01850e+02	1.16142e-23	9.01850e+02	1.16142e-23	9.01850e+02	5.88932e-22
9.02200e+02	5.96505e-22	9.02200e+02	6.07715e-23	9.02200e+02	1.20088e-23	9.02200e+02	1.20088e-23	9.02200e+02	5.96505e-22
9.02550e+02	6.05755e-22	9.02550e+02	5.97439e-23	9.02550e+02	1.24491e-23	9.02550e+02	1.24491e-23	9.02550e+02	6.05755e-22
9.02900e+02	6.19555e-22	9.02900e+02	5.98519e-23	9.02900e+02	1.29977e-23	9.02900e+02	1.29977e-23	9.02900e+02	6.19555e-22
9.03250e+02	6.36640e-22	9.03250e+02	6.04370e-23	9.03250e+02	1.36339e-23	9.03250e+02	1.36339e-23	9.03250e+02	6.36640e-22
9.03600e+02	6.50608e-22	9.03600e+02	6.02676e-23	9.03600e+02	1.42226e-23	9.03600e+02	1.42226e-23	9.03600e+02	6.50608e-22
9.03950e+02	6.60891e-22	9.03950e+02	5.94978e-23	9.03950e+02	1.47474e-23	9.03950e+02	1.47474e-23	9.03950e+02	6.60891e-22
9.04300e+02	6.72807e-22	9.04300e+02	5.94118e-23	9.04300e+02	1.53248e-23	9.04300e+02	1.53248e-23	9.04300e+02	6.72807e-22
9.04650e+02	6.86788e-22	9.04650e+02	6.03630e-23	9.04650e+02	1.59676e-23	9.04650e+02	1.59676e-23	9.04650e+02	6.86788e-22
9.05000e+02	7.02369e-22	9.05000e+02	6.11012e-23	9.05000e+02	1.66682e-23	9.05000e+02	1.66682e-23	9.05000e+02	7.02369e-22
9.05350e+02	7.19507e-22	9.05350e+02	6.07372e-23	9.05350e+02	1.74283e-23	9.05350e+02	1.74283e-23	9.05350e+02	7.19507e-22
9.05700e+02	7.37716e-22	9.05700e+02	6.05366e-23	9.05700e+02	1.82390e-23	9.05700e+02	1.82390e-23	9.05700e+02	7.37716e-22
9.06050e+02	7.57715e-22	9.06050e+02	6.25499e-23	9.06050e+02	1.91207e-23	9.06050e+02	1.91207e-23	9.06050e+02	7.57715e-22
9.06400e+02	7.77517e-22	9.06400e+02	6.65082e-23	9.06400e+02	2.00256e-23	9.06400e+02	2.00256e-23	9.06400e+02	7.77517e-22
9.06750e+02	7.95873e-22	9.06750e+02	6.93843e-23	9.06750e+02	2.09214e-23	9.06750e+02	2.09214e-23	9.06750e+02	7.95873e-22
9.07100e+02	8.15190e-22	9.07100e+02	6.88771e-23	9.07100e+02	2.18710e-23	9.07100e+02	2.18710e-23	9.07100e+02	8.15190e-22
9.07450e+02	8.35088e-22	9.07450e+02	6.65633e-23	9.07450e+02	2.28665e-23	9.07450e+02	2.28665e-23	9.07450e+02	8.35088e-22
9.07800e+02	8.56559e-22	9.07800e+02	6.62152e-23	9.07800e+02	2.39373e-23	9.07800e+02	2.39373e-23	9.07800e+02	8.56559e-22
9.08150e+02	8.78109e-22	9.08150e+02	6.89100e-23	9.08150e+02	2.50444e-23	9.08150e+02	2.50444e-23	9.08150e+02	8.78109e-22
9.08500e+02	9.00314e-22	9.08500e+02	7.12615e-23	9.08500e+02	2.62055e-23	9.08500e+02	2.62055e-23	9.08500e+02	9.00314e-22
9.08850e+02	9.22766e-22	9.08850e+02	6.96892e-23	9.08850e+02	2.74107e-23	9.08850e+02	2.74107e-23	9.08850e+02	9.22766e-22
9.09200e+02	9.46837e-22	9.09200e+02	6.57805e-23	9.09200e+02	2.87030e-23	9.09200e+02	2.87030e-23	9.09200e+02	9.46837e-22
9.09550e+02	9.73933e-22	9.09550e+02	6.56420e-23	9.09550e+02	3.01299e-23	9.09550e+02	3.01299e-23	9.09550e+02	9.73933e-22
9.09900e+02	1.00556e-21	9.09900e+02	7.31291e-23	9.09900e+02	3.17459e-23	9.09900e+02	3.17459e-23	9.09900e+02	1.00556e-21
9.10250e+02	1.03917e-21	9.10250e+02	8.47157e-23	9.10250e+02	3.34785e-23	9.10250e+02	3.34785e-23	9.10250e+02	1.03917e-21
9.10600e+02	1.07169e-21	9.10600e+02	9.24560e-23	9.10600e+02	3.52326e-23	9.10600e+02	3.52326e-23	9.10600e+02	1.07169e-21
9.10950e+02	1.10522e-21	9.10950e+02	9.21046e-23	9.10950e+02	3.70780e-23	9.10950e+02	3.70780e-23	9.10950e+02	1.10522e-21
9.11300e+02	1.13791e-21	9.11300e+02	8.72691e-23	9.11300e+02	3.89543e-23	9.11300e+02	3.89543e-23	9.11300e+02	1.13791e-21
9.11650e+02	1.17137e-21	9.11650e+02	8.50590e-23	9.11650e+02	4.09185e-23	9.11650e+02	4.09185e-23	9.11650e+02	1.17137e-21
9.12000e+02	1.20801e-21	9.12000e+02	8.84975e-23	9.12000e+02	4.30591e-23	9.12000e+02	4.30591e-23	9.12000e+02	1.20801e-21
9.12350e+02	1.24720e-21	9.12350e+02	9.42434e-23	9.12350e+02	4.53619e-23	9.12350e+02	4.53619e-23	9.12350e+02	1.24720e-21
9.12700e+02	1.28927e-21	9.12700e+02	9.74479e-23	9.12700e+02	4.78473e-23	9.12700e+02	4.78473e-23	9.12700e+02	1.28927e-21
9.13050e+02	1.33478e-21	9.13050e+02	9.74122e-23	9.13050e+02	5.05440e-23	9.13050e+02	5.05440e-23	9.13050e+02	1.33478e-21
9.13400e+02	1.38182e-21	9.13400e+02	9.77015e-23	9.13400e+02	5.33894e-23	9.13400e+02	5.33894e-23	9.13400e+02	1.38182e-21
9.13750e+02	1.42873e-21	9.13750e+02	1.01546e-22	9.13750e+02	5.63234e-23	9.13750e+02	5.63234e-23	9.13750e+02	1.42873e-21
9.14100e+02	1.47872e-21	9.14100e+02	1.08455e-22	9.14100e+02	5.94778e-23	9.14100e+02	5.94778e-23	9.14100e+02	1.47872e-21
9.14450e+02	1.53171e-21	9.14450e+02	1.15437e-22	9.14450e+02	6.28588e-23	9.14450e+02	6.28588e-23	9.14450e+02	1.53171e-21
9.14800e+02	1.58975e-21	9.14800e+02	1.20393e-22	9.14800e+02	6.65632e-23	9.14800e+02	6.65632e-23	9.14800e+02	1.58975e-21
9.15150e+02	1.65456e-21	9.15150e+02	1.23572e-22	9.15150e+02	7.06800e-23	9.15150e+02	7.06800e-23	9.15150e+02	1.65456e-21
9.15500e+02	1.72591e-21	9.15500e+02	1.26435e-22	9.15500e+02	7.52203e-23	9.15500e+02	7.52203e-23	9.15500e+02	1.72591e-21
9.15850e+02	1.79866e-21	9.15850e+02	1.30321e-22	9.15850e+02	7.99764e-23	9.15850e+02	7.99764e-23	9.15850e+02	1.79866e-21
9.16200e+02	1.87325e-21	9.16200e+02	1.36234e-22	9.16200e+02	8.49762e-23	9.16200e+02	8.49762e-23	9.16200e+02	1.87325e-21
9.16550e+02	1.94842e-21	9.16550e+02	1.44595e-22	9.16550e+02	9.01706e-23	9.16550e+02	9.01706e-23	9.16550e+02	1.94842e-21
9.16900e+02	2.02245e-21	9.16900e+02	1.54225e-22	9.16900e+02	9.54853e-23	9.16900e+02	9.54853e-23	9.16900e+02	2.02245e-21
9.17250e+02	2.09986e-21	9.17250e+02	1.62244e-22	9.17250e+02	1.01139e-22	9.17250e+02	1.01139e-22	9.17250e+02	2.09986e-21
9.17600e+02	2.17837e-21	9.17600e+02	1.66474e-22	9.17600e+02	1.07034e-22	9.17600e+02	1.07034e-22	9.17600e+02	2.17837e-21
9.17950e+02	2.25477e-21	9.17950e+02	1.68394e-22	9.17950e+02	1.13018e-22	9.17950e+02	1.13018e-22	9.17950e+02	2.25477e-21
9.18300e+02	2.32643e-21	9.18300e+02	1.72611e-22	9.18300e+02	1.18956e-22	9.18300e+02	1.18956e-22	9.18300e+02	2.32643e-21
9.18650e+02	2.39664e-21	9.18650e+02	1.82203e-22	9.18650e+02	1.25009e-22	9.18650e+02	1.25009e-22	9.18650e+02	2.39664e-21
9.19000e+02	2.45962e-21	9.19000e+02	1.94766e-22	9.19000e+02	1.30871e-22	9.19000e+02	1.30871e-22	9.19000e+02	2.45962e-21
9.19350e+02	2.51595e-21	9.19350e+02	2.04286e-22	9.19350e+02	1.36554e-22	9.19350e+02	1.36554e-22	9.19350e+02	2.51595e-21
9.19700e+02	2.56379e-21	9.19700e+02	2.07529e-22	9.19700e+02	1.41942e-22	9.19700e+02	1.41942e-22	9.19700e+02	2.56379e-21
9.20050e+02	2.60599e-21	9.20050e+02	2.07899e-22	9.20050e+02	1.47169e-22	9.20050e+02	1.47169e-22	9.20050e+02	2.60599e-21
9.20400e+02	2.64674e-21	9.20400e+02	2.11986e-22	9.20400e+02	1.52463e-22	9.20400e+02	1.52463e-22	9.20400e+02	2.64674e-21
9.20750e+02	2.68365e-21	9.20750e+02	2.22350e-22	9.20750e+02	1.57682e-22	9.20750e+02	1.57682e-22	9.20750e+02	2.68365e-21
9.21100e+02	2.71267e-21	9.21100e+02	2.34620e-22	9.21100e+02	1.62574e-22	9.21100e+02	1.62574e-22	9.21100e+02	2.71267e-21
9.21450e+02	2.73341e-21	9.21450e+02	2.42154e-22	9.21450e+02	1.67089e-22	9.21450e+02	1.67089e-22	9.21450e+02	2.73341e-21
9.21800e+02	2.74687e-21	9.21800e+02	2.42965e-22	9.21800e+02	1.71264e-22	9.21800e+02	1.71264e-22	9.21800e+02	2.74687e-21
9.22150e+02	2.75295e-21	9.22150e+02	2.41308e-22	9.22150e+02	1.75066e-22	9.22150e+02	1.75066e-22	9.22150e+02	2.75295e-21
9.22500e+02	2.75221e-21	9.22500e+02	2.42731e-22	9.22500e+02	1.78507e-22	9.22500e+02	1.78507e-22	9.22500e+02	2.75221e-21
9.22850e+02	2.74736e-21	9.22850e+02	2.48603e-22	9.22850e+02	1.81741e-22	9.22850e+02	1.81741e-22	9.22850e+02	2.74736e-21
9.23200e+02	2.74088e-21	9.23200e+02	2.55898e-22	9.23200e+02	1.84921e-22	9.23200e+02	1.84921e-22	9.23200e+02	2.74088e-21
9.23550e+02	2.73321e-21	9.23550e+02	2.61424e-22	9.23550e+02	1.88070e-22	9.23550e+02	1.88070e-22	9.23550e+02	2.73321e-21
9.23900e+02	2.72395e-21	9.23900e+02	2.64982e-22	9.23900e+02	1.91157e-22	9.23900e+02	1.91157e-22	9.23900e+02	2.72395e-21
9.24250e+02	2.71472e-21	9.24250e+02	2.68297e-22	9.24250e+02	1.94292e-22	9.24250e+02	1.94292e-22	9.24250e+02	2.71472e-21
9.24600e+02	2.70293e-21	9.24600e+02	2.72099e-22	9.24600e+02	1.97286e-22	9.24600e+02	1.97286e-22	9.24600e+02	2.70293e-21
9.24950e+02	2.68616e-21	9.24950e+02	2.75450e-22	9.24950e+02	1.99949e-22	9.24950e+02	1.99949e-22	9.24950e+02	2.68616e-21
9.25300e+02	2.66605e-21	9.25300e+02	2.77759e-22	9.25300e+02	2.02383e-22	9.25300e+02	2.02383e-22	9.25300e+02	2.66605e-21
9.25650e+02	2.64579e-21	9.25650e+02	2.80278e-22	9.25650e+02	2.04821e-22	9.25650e+02	2.04821e-22	9.25650e+02	2.64579e-21
9.26000e+02	2.62622e-21	9.26000e+02	2.84762e-22	9.26000e+02	2.07327e-22	9.26000e+02	2.07327e-22	9.26000e+02	2.62622e-21
9.26350e+02	2.60463e-21	9.26350e+02	2.90918e-22	9.26350e+02	2.09686e-22	9.26350e+02	2.09686e-22	9.26350e+02	2.60463e-21
9.26700e+02	2.58267e-21	9.26700e+02	2.95994e-22	9.26700e+02	2.12024e-22	9.26700e+02	2.12024e-22	9.26700e+02	2.58267e-21
9.27050e+02	2.55803e-21	9.27050e+02	2.97303e-22	9.27050e+02	2.14146e-22	9.27050e+02	2.14146e-22	9.27050e+02	2.55803e-21
9.27400e+02	2.53245e-21	9.27400e+02	2.94992e-22	9.27400e+02	2.16184e-22	9.27400e+02	2.16184e-22	9.27400e+02	2.53245e-21
9.27750e+02	2.50214e-21	9.27750e+02	2.92077e-22	9.27750e+02	2.17806e-22	9.27750e+02	2.17806e-22	9.27750e+02	2.50214e-21
9.28100e+02	2.46885e-21	9.28100e+02	2.91824e-22	9.28100e+02	2.19139e-22	9.28100e+02	2.19139e-22	9.28100e+02	2.46885e-21
9.28450e+02	2.43669e-21	9.28450e+02	2.95163e-22	9.28450e+02	2.20539e-22	9.28450e+02	2.20539e-22	9.28450e+02	2.43669e-21
9.28800e+02	2.40709e-21	9.28800e+02	3.00391e-22	9.28800e+02	2.22143e-22	9.28800e+02	2.22143e-22	9.28800e+02	2.40709e-21
9.29150e+02	2.37880e-21	9.29150e+02	3.04976e-22	9.29150e+02	2.23845e-22	9.29150e+02	2.23845e-22	9.29150e+02	2.37880e-21
9.29500e+02	2.35212e-21	9.29500e+02	3.07508e-22	9.29500e+02	2.25679e-22	9.29500e+02	2.25679e-22	9.29500e+02	2.35212e-21
9.29850e+02	2.32839e-21	9.29850e+02	3.08301e-22	9.29850e+02	2.27783e-22	9.29850e+02	2.27783e-22	9.29850e+02	2.32839e-21
9.30200e+02	2.30525e-21	9.30200e+02	3.08651e-22	9.30200e+02	2.29940e-22	9.30200e+02	2.29940e-22	9.30200e+02	2.30525e-21
9.30550e+02	2.28302e-21	9.30550e+02	3.09725e-22	9.30550e+02	2.32182e-22	9.30550e+02	2.32182e-22	9.30550e+02	2.28302e-21
9.30900e+02	2.25997e-21	9.30900e+02	3.11936e-22	9.30900e+02	2.34336e-22	9.30900e+02	2.34336e-22	9.30900e+02	2.25997e-21
9.31250e+02	2.23729e-21	9.31250e+02	3.15017e-22	9.31250e+02	2.36520e-22	9.31250e+02	2.36520e-22	9.31250e+02	2.23729e-21
9.31600e+02	2.21832e-21	9.31600e+02	3.18444e-22	9.31600e+02	2.39097e-22	9.31600e+02	2.39097e-22	9.31600e+02	2.21832e-21
9.31950e+02	2.19977e-21	9.31950e+02	3.21759e-22	9.31950e+02	2.41727e-22	9.31950e+02	2.41727e-22	9.31950e+02	2.19977e-21
9.32300e+02	2.18257e-21	9.32300e+02	3.24634e-22	9.32300e+02	2.44515e-22	9.32300e+02	2.44515e-22	9.32300e+02	2.18257e-21
9.32650e+02	2.16613e-21	9.32650e+02	3.26874e-22	9.32650e+02	2.47405e-22	9.32650e+02	2.47405e-22	9.32650e+02	2.16613e-21
9.33000e+02	2.15099e-21	9.33000e+02	3.28588e-22	9.33000e+02	2.50461e-22	9.33000e+02	2.50461e-22	9.33000e+02	2.15099e-21
9.33350e+02	2.13650e-21	9.33350e+02	3.30352e-22	9.33350e+02	2.53617e-22	9.33350e+02	2.53617e-22	9.33350e+02	2.13650e-21
9.33700e+02	2.12241e-21	9.33700e+02	3.32953e-22	9.33700e+02	2.56845e-22	9.33700e+02	2.56845e-22	9.33700e+02	2.12241e-21
9.34050e+02	2.10861e-21	9.34050e+02	3.36726e-22	9.34050e+02	2.60134e-22	9.34050e+02	2.60134e-22	9.34050e+02	2.10861e-21
9.34400e+02	2.09425e-21	9.34400e+02	3.41165e-22	9.34400e+02	2.63381e-22	9.34400e+02	2.63381e-22	9.34400e+02	2.09425e-21
9.34750e+02	2.08093e-21	9.34750e+02	3.45384e-22	9.34750e+02	2.66783e-22	9.34750e+02	2.66783e-22	9.34750e+02	2.08093e-21
9.35100e+02	2.07018e-21	9.35100e+02	3.49035e-22	9.35100e+02	2.70553e-22	9.35100e+02	2.70553e-22	9.35100e+02	2.07018e-21
9.35450e+02	2.06090e-21	9.35450e+02	3.52623e-22	9.35450e+02	2.74559e-22	9.35450e+02	2.74559e-22	9.35450e+02	2.06090e-21
9.35800e+02	2.05097e-21	9.35800e+02	3.56795e-22	9.35800e+02	2.78527e-22	9.35800e+02	2.78527e-22	9.35800e+02	2.05097e-21
9.36150e+02	2.03934e-21	9.36150e+02	3.61509e-22	9.36150e+02	2.82305e-22	9.36150e+02	2.82305e-22	9.36150e+02	2.03934e-21
9.36500e+02	2.02749e-21	9.36500e+02	3.66182e-22	9.36500e+02	2.86091e-22	9.36500e+02	2.86091e-22	9.36500e+02	2.02749e-21
9.36850e+02	2.01919e-21	9.36850e+02	3.70628e-22	9.36850e+02	2.90424e-22	9.36850e+02	2.90424e-22	9.36850e+02	2.01919e-21
9.37200e+02	2.01425e-21	9.37200e+02	3.75427e-22	9.37200e+02	2.95306e-22	9.37200e+02	2.95306e-22	9.37200e+02	2.01425e-21
9.37550e+02	2.00957e-21	9.37550e+02	3.81105e-22	9.37550e+02	3.00304e-22	9.37550e+02	3.00304e-22	9.37550e+02	2.00957e-21
9.37900e+02	2.00706e-21	9.37900e+02	3.87237e-22	9.37900e+02	3.05710e-22	9.37900e+02	3.05710e-22	9.37900e+02	2.00706e-21
9.38250e+02	2.00858e-21	9.38250e+02	3.92896e-22	9.38250e+02	3.11834e-22	9.38250e+02	3.11834e-22	9.38250e+02	2.00858e-21
9.38600e+02	2.01160e-21	9.38600e+02	3.98105e-22	9.38600e+02	3.18312e-22	9.38600e+02	3.18312e-22	9.38600e+02	2.01160e-21
9.38950e+02	2.01453e-21	9.38950e+02	4.04346e-22	9.38950e+02	3.24907e-22	9.38950e+02	3.24907e-22	9.38950e+02	2.01453e-21
9.39300e+02	2.01773e-21	9.39300e+02	4.13148e-22	9.39300e+02	3.31677e-22	9.39300e+02	3.31677e-22	9.39300e+02	2.01773e-21
9.39650e+02	2.02508e-21	9.39650e+02	4.24262e-22	9.39650e+02	3.39278e-22	9.39650e+02	3.39278e-22	9.39650e+02	2.02508e-21
9.40000e+02	2.03510e-21	9.40000e+02	4.35712e-22	9.40000e+02	3.47498e-22	9.40000e+02	3.47498e-22	9.40000e+02	2.03510e-21
9.40350e+02	2.04732e-21	9.40350e+02	4.45762e-22	9.40350e+02	3.56288e-22	9.40350e+02	3.56288e-22	9.40350e+02	2.04732e-21
9.40700e+02	2.05914e-21	9.40700e+02	4.54431e-22	9.40700e+02	3.65211e-22	9.40700e+02	3.65211e-22	9.40700e+02	2.05914e-21
9.41050e+02	2.07199e-21	9.41050e+02	4.62821e-22	9.41050e+02	3.74526e-22	9.41050e+02	3.74526e-22	9.41050e+02	2.07199e-21
9.41400e+02	2.08300e-21	9.41400e+02	4.71412e-22	9.41400e+02	3.83718e-22	9.41400e+02	3.83718e-22	9.41400e+02	2.08300e-21
9.41750e+02	2.09122e-21	9.41750e+02	4.79734e-22	9.41750e+02	3.92597e-22	9.41750e+02	3.92597e-22	9.41750e+02	2.09122e-21
9.42100e+02	2.09748e-21	9.42100e+02	4.87695e-22	9.42100e+02	4.01295e-22	9.42100e+02	4.01295e-22	9.42100e+02	2.09748e-21
9.42450e+02	2.10388e-21	9.42450e+02	4.96377e-22	9.42450e+02	4.10201e-22	9.42450e+02	4.10201e-22	9.42450e+02	2.10388e-21
9.42800e+02	2.10986e-21	9.42800e+02	5.06809e-22	9.42800e+02	4.19214e-22	9.42800e+02	4.19214e-22	9.42800e+02	2.10986e-21
9.43150e+02	2.11271e-21	9.43150e+02	5.18347e-22	9.43150e+02	4.27781e-22	9.43150e+02	4.27781e-22	9.43150e+02	2.11271e-21
9.43500e+02	2.12038e-21	9.43500e+02	5.29247e-22	9.43500e+02	4.37510e-22	9.43500e+02	4.37510e-22	9.43500e+02	2.12038e-21
9.43850e+02	2.13202e-21	9.43850e+02	5.39074e-22	9.43850e+02	4.48284e-22	9.43850e+02	4.48284e-22	9.43850e+02	2.13202e-21
9.44200e+02	2.14412e-21	9.44200e+02	5.49628e-22	9.44200e+02	4.59402e-22	9.44200e+02	4.59402e-22	9.44200e+02	2.14412e-21
9.44550e+02	2.15260e-21	9.44550e+02	5.62537e-22	9.44550e+02	4.69982e-22	9.44550e+02	4.69982e-22	9.44550e+02	2.15260e-21
9.44900e+02	2.15585e-21	9.44900e+02	5.76267e-22	9.44900e+02	4.79630e-22	9.44900e+02	4.79630e-22	9.44900e+02	2.15585e-21
9.45250e+02	2.15546e-21	9.45250e+02	5.86794e-22	9.45250e+02	4.88641e-22	9.45250e+02	4.88641e-22	9.45250e+02	2.15546e-21
9.45600e+02	2.15136e-21	9.45600e+02	5.91953e-22	9.45600e+02	4.96958e-22	9.45600e+02	4.96958e-22	9.45600e+02	2.15136e-21
9.45950e+02	2.14397e-21	9.45950e+02	5.94462e-22	9.45950e+02	5.04633e-22	9.45950e+02	5.04633e-22	9.45950e+02	2.14397e-21
9.46300e+02	2.13590e-21	9.46300e+02	5.99576e-22	9.46300e+02	5.12253e-22	9.46300e+02	5.12253e-22	9.46300e+02	2.13590e-21
9.46650e+02	2.13404e-21	9.46650e+02	6.09709e-22	9.46650e+02	5.21488e-22	9.46650e+02	5.21488e-22	9.46650e+02	2.13404e-21
9.47000e+02	2.13623e-21	9.47000e+02	6.22284e-22	9.47000e+02	5.31889e-22	9.47000e+02	5.31889e-22	9.47000e+02	2.13623e-21
9.47350e+02	2.13805e-21	9.47350e+02	6.33341e-22	9.47350e+02	5.42399e-22	9.47350e+02	5.42399e-22	9.47350e+02	2.13805e-21
9.47700e+02	2.14111e-21	9.47700e+02	6.42382e-22	9.47700e+02	5.53428e-22	9.47700e+02	5.53428e-22	9.47700e+02	2.14111e-21
9.48050e+02	2.14394e-21	9.48050e+02	6.52487e-22	9.48050e+02	5.64612e-22	9.48050e+02	5.64612e-22	9.48050e+02	2.14394e-21
9.48400e+02	2.14725e-21	9.48400e+02	6.65775e-22	9.48400e+02	5.76140e-22	9.48400e+02	5.76140e-22	9.48400e+02	2.14725e-21
9.48750e+02	2.14985e-21	9.48750e+02	6.80155e-22	9.48750e+02	5.87701e-22	9.48750e+02	5.87701e-22	9.48750e+02	2.14985e-21
9.49100e+02	2.15333e-21	9.49100e+02	6.91625e-22	9.49100e+02	5.99729e-22	9.49100e+02	5.99729e-22	9.49100e+02	2.15333e-21
9.49450e+02	2.15893e-21	9.49450e+02	6.99330e-22	9.49450e+02	6.12597e-22	9.49450e+02	6.12597e-22	9.49450e+02	2.15893e-21
9.49800e+02	2.16700e-21	9.49800e+02	7.07135e-22	9.49800e+02	6.26441e-22	9.49800e+02	6.26441e-22	9.49800e+02	2.16700e-21
9.50150e+02	2.17551e-21	9.50150e+02	7.19830e-22	9.50150e+02	6.40708e-22	9.50150e+02	6.40708e-22	9.50150e+02	2.17551e-21
9.50500e+02	2.18133e-21	9.50500e+02	7.38497e-22	9.50500e+02	6.54477e-22	9.50500e+02	6.54477e-22	9.50500e+02	2.18133e-21
9.50850e+02	2.18784e-21	9.50850e+02	7.60099e-22	9.50850e+02	6.68738e-22	9.50850e+02	6.68738e-22	9.50850e+02	2.18784e-21
9.51200e+02	2.19521e-21	9.51200e+02	7.80957e-22	9.51200e+02	6.83561e-22	9.51200e+02	6.83561e-22	9.51200e+02	2.19521e-21
9.51550e+02	2.20263e-21	9.51550e+02	7.99688e-22	9.51550e+02	6.98713e-22	9.51550e+02	6.98713e-22	9.51550e+02	2.20263e-21
9.51900e+02	2.21333e-21	9.51900e+02	8.16974e-22	9.51900e+02	7.15241e-22	9.51900e+02	7.15241e-22	9.51900e+02	2.21333e-21
9.52250e+02	2.22704e-21	9.52250e+02	8.33825e-22	9.52250e+02	7.33123e-22	9.52250e+02	7.33123e-22	9.52250e+02	2.22704e-21
9.52600e+02	2.24075e-21	9.52600e+02	8.50908e-22	9.52600e+02	7.51413e-22	9.52600e+02	7.51413e-22	9.52600e+02	2.24075e-21
9.52950e+02	2.25583e-21	9.52950e+02	8.68835e-22	9.52950e+02	7.70591e-22	9.52950e+02	7.70591e-22	9.52950e+02	2.25583e-21
9.53300e+02	2.27107e-21	9.53300e+02	8.87843e-22	9.53300e+02	7.90269e-22	9.53300e+02	7.90269e-22	9.53300e+02	2.27107e-21
9.53650e+02	2.28419e-21	9.53650e+02	9.07152e-22	9.53650e+02	8.09645e-22	9.53650e+02	8.09645e-22	9.53650e+02	2.28419e-21
9.54000e+02	2.29710e-21	9.54000e+02	9.25847e-22	9.54000e+02	8.29385e-22	9.54000e+02	8.29385e-22	9.54000e+02	2.29710e-21
9.54350e+02	2.31158e-21	9.54350e+02	9.44945e-22	9.54350e+02	8.50148e-22	9.54350e+02	8.50148e-22	9.54350e+02	2.31158e-21
9.54700e+02	2.32800e-21	9.54700e+02	9.67471e-22	9.54700e+02	8.72106e-22	9.54700e+02	8.72106e-22	9.54700e+02	2.32800e-21
9.55050e+02	2.34742e-21	9.55050e+02	9.95012e-22	9.55050e+02	8.95723e-22	9.55050e+02	8.95723e-22	9.55050e+02	2.34742e-21
9.55400e+02	2.36620e-21	9.55400e+02	1.02441e-21	9.55400e+02	9.19656e-22	9.55400e+02	9.19656e-22	9.55400e+02	2.36620e-21
9.55750e+02	2.38045e-21	9.55750e+02	1.04975e-21	9.55750e+02	9.42360e-22	9.55750e+02	9.42360e-22	9.55750e+02	2.38045e-21
9.56100e+02	2.39350e-21	9.56100e+02	1.06875e-21	9.56100e+02	9.65094e-22	9.56100e+02	9.65094e-22	9.56100e+02	2.39350e-21
9.56450e+02	2.40648e-21	9.56450e+02	1.08628e-21	9.56450e+02	9.88309e-22	9.56450e+02	9.88309e-22	9.56450e+02	2.40648e-21
9.56800e+02	2.41753e-21	9.56800e+02	1.10966e-21	9.56800e+02	1.01123e-21	9.56800e+02	1.01123e-21	9.56800e+02	2.41753e-21
9.57150e+02	2.42735e-21	9.57150e+02	1.14042e-21	9.57150e+02	1.03412e-21	9.57150e+02	1.03412e-21	9.57150e+02	2.42735e-21
9.57500e+02	2.44060e-21	9.57500e+02	1.17226e-21	9.57500e+02	1.05899e-21	9.57500e+02	1.05899e-21	9.57500e+02	2.44060e-21
9.57850e+02	2.45836e-21	9.57850e+02	1.19843e-21	9.57850e+02	1.08640e-21	9.57850e+02	1.08640e-21	9.57850e+02	2.45836e-21
9.58200e+02	2.47780e-21	9.58200e+02	1.21998e-21	9.58200e+02	1.11520e-21	9.58200e+02	1.11520e-21	9.58200e+02	2.47780e-21
9.58550e+02	2.49936e-21	9.58550e+02	1.24495e-21	9.58550e+02	1.14566e-21	9.58550e+02	1.14566e-21	9.58550e+02	2.49936e-21
9.58900e+02	2.52114e-21	9.58900e+02	1.27931e-21	9.58900e+02	1.17694e-21	9.58900e+02	1.17694e-21	9.58900e+02	2.52114e-21
9.59250e+02	2.54411e-21	9.59250e+02	1.32071e-21	9.59250e+02	1.20954e-21	9.59250e+02	1.20954e-21	9.59250e+02	2.54411e-21
9.59600e+02	2.57065e-21	9.59600e+02	1.36228e-21	9.59600e+02	1.24465e-21	9.59600e+02	1.24465e-21	9.59600e+02	2.57065e-21
9.59950e+02	2.60191e-21	9.59950e+02	1.40103e-21	9.59950e+02	1.28295e-21	9.59950e+02	1.28295e-21	9.59950e+02	2.60191e-21
9.60300e+02	2.63519e-21	9.60300e+02	1.43992e-21	9.60300e+02	1.32325e-21	9.60300e+02	1.32325e-21	9.60300e+02	2.63519e-21
9.60650e+02	2.66890e-21	9.60650e+02	1.48192e-21	9.60650e+02	1.36478e-21	9.60650e+02	1.36478e-21	9.60650e+02	2.66890e-21
9.61000e+02	2.70364e-21	9.61000e+02	1.52523e-21	9.61000e+02	1.40792e-21	9.61000e+02	1.40792e-21	9.61000e+02	2.70364e-21
9.61350e+02	2.73802e-21	9.61350e+02	1.56671e-21	9.61350e+02	1.45197e-21	9.61350e+02	1.45197e-21	9.61350e+02	2.73802e-21
9.61700e+02	2.77593e-21	9.61700e+02	1.60839e-21	9.61700e+02	1.49904e-21	9.61700e+02	1.49904e-21	9.61700e+02	2.77593e-21
9.62050e+02	2.81485e-21	9.62050e+02	1.65655e-21	9.62050e+02	1.54790e-21	9.62050e+02	1.54790e-21	9.62050e+02	2.81485e-21
9.62400e+02	2.85565e-21	9.62400e+02	1.71337e-21	9.62400e+02	1.59907e-21	9.62400e+02	1.59907e-21	9.62400e+02	2.85565e-21
9.62750e+02	2.90599e-21	9.62750e+02	1.77306e-21	9.62750e+02	1.65700e-21	9.62750e+02	1.65700e-21	9.62750e+02	2.90599e-21
9.63100e+02	2.98217e-21	9.63100e+02	1.83062e-21	9.63100e+02	1.73151e-21	9.63100e+02	1.73151e-21	9.63100e+02	2.98217e-21
9.63450e+02	3.09110e-21	9.63450e+02	1.89354e-21	9.63450e+02	1.82753e-21	9.63450e+02	1.82753e-21	9.63450e+02	3.09110e-21
9.63800e+02	3.21986e-21	9.63800e+02	1.97922e-21	9.63800e+02	1.93838e-21	9.63800e+02	1.93838e-21	9.63800e+02	3.21986e-21
9.64150e+02	3.34403e-21	9.64150e+02	2.09554e-21	9.64150e+02	2.04983e-21	9.64150e+02	2.04983e-21	9.64150e+02	3.34403e-21
9.64500e+02	3.43579e-21	9.64500e+02	2.22422e-21	9.64500e+02	2.14445e-21	9.64500e+02	2.14445e-21	9.64500e+02	3.43579e-21
9.64850e+02	3.48785e-21	9.64850e+02	2.32859e-21	9.64850e+02	2.21657e-21	9.64850e+02	2.21657e-21	9.64850e+02	3.48785e-21
9.65200e+02	3.49302e-21	9.65200e+02	2.38206e-21	9.65200e+02	2.26024e-21	9.65200e+02	2.26024e-21	9.65200e+02	3.49302e-21
9.65550e+02	3.46021e-21	9.65550e+02	2.39047e-21	9.65550e+02	2.27970e-21	9.65550e+02	2.27970e-21	9.65550e+02	3.46021e-21
9.65900e+02	3.40978e-21	9.65900e+02	2.38581e-21	9.65900e+02	2.28728e-21	9.65900e+02	2.28728e-21	9.65900e+02	3.40978e-21
9.66250e+02	3.37126e-21	9.66250e+02	2.39851e-21	9.66250e+02	2.30249e-21	9.66250e+02	2.30249e-21	9.66250e+02	3.37126e-21
9.66600e+02	3.36195e-21	9.66600e+02	2.43642e-21	9.66600e+02	2.33777e-21	9.66600e+02	2.33777e-21	9.66600e+02	3.36195e-21
9.66950e+02	3.37926e-21	9.66950e+02	2.48845e-21	9.66950e+02	2.39240e-21	9.66950e+02	2.39240e-21	9.66950e+02	3.37926e-21
9.67300e+02	3.40723e-21	9.67300e+02	2.54327e-21	9.67300e+02	2.45588e-21	9.67300e+02	2.45588e-21	9.67300e+02	3.40723e-21
9.67650e+02	3.43551e-21	9.67650e+02	2.60029e-21	9.67650e+02	2.52109e-21	9.67650e+02	2.52109e-21	9.67650e+02	3.43551e-21
9.68000e+02	3.46258e-21	9.68000e+02	2.66392e-21	9.68000e+02	2.58690e-21	9.68000e+02	2.58690e-21	9.68000e+02	3.46258e-21
9.68350e+02	3.48741e-21	9.68350e+02	2.73302e-21	9.68350e+02	2.65253e-21	9.68350e+02	2.65253e-21	9.68350e+02	3.48741e-21
9.68700e+02	3.51179e-21	9.68700e+02	2.80029e-21	9.68700e+02	2.71931e-21	9.68700e+02	2.71931e-21	9.68700e+02	3.51179e-21
9.69050e+02	3.53780e-21	9.69050e+02	2.86137e-21	9.69050e+02	2.78889e-21	9.69050e+02	2.78889e-21	9.69050e+02	3.53780e-21
9.69400e+02	3.56484e-21	9.69400e+02	2.92030e-21	9.69400e+02	2.86087e-21	9.69400e+02	2.86087e-21	9.69400e+02	3.56484e-21
9.69750e+02	3.58989e-21	9.69750e+02	2.98436e-21	9.69750e+02	2.93289e-21	9.69750e+02	2.93289e-21	9.69750e+02	3.58989e-21
9.70100e+02	3.61502e-21	9.70100e+02	3.05524e-21	9.70100e+02	3.00659e-21	9.70100e+02	3.00659e-21	9.70100e+02	3.61502e-21
9.70450e+02	3.63823e-21	9.70450e+02	3.12782e-21	9.70450e+02	3.08034e-21	9.70450e+02	3.08034e-21	9.70450e+02	3.63823e-21
9.70800e+02	3.66035e-21	9.70800e+02	3.19736e-21	9.70800e+02	3.15479e-21	9.70800e+02	3.15479e-21	9.70800e+02	3.66035e-21
9.71150e+02	3.68079e-21	9.71150e+02	3.26584e-21	9.71150e+02	3.22940e-21	9.71150e+02	3.22940e-21	9.71150e+02	3.68079e-21
9.71500e+02	3.70472e-21	9.71500e+02	3.34004e-21	9.71500e+02	3.30875e-21	9.71500e+02	3.30875e-21	9.71500e+02	3.70472e-21
9.71850e+02	3.73309e-21	9.71850e+02	3.42479e-21	9.71850e+02	3.39390e-21	9.71850e+02	3.39390e-21	9.71850e+02	3.73309e-21
9.72200e+02	3.76980e-21	9.72200e+02	3.51952e-21	9.72200e+02	3.48872e-21	9.72200e+02	3.48872e-21	9.72200e+02	3.76980e-21
9.72550e+02	3.81644e-21	9.72550e+02	3.62092e-21	9.72550e+02	3.59515e-21	9.72550e+02	3.59515e-21	9.72550e+02	3.81644e-21
9.72900e+02	3.87144e-21	9.72900e+02	3.72721e-21	9.72900e+02	3.71224e-21	9.72900e+02	3.71224e-21	9.72900e+02	3.87144e-21
9.73250e+02	3.93661e-21	9.73250e+02	3.83970e-21	9.73250e+02	3.84226e-21	9.73250e+02	3.84226e-21	9.73250e+02	3.93661e-21
9.73600e+02	4.00944e-21	9.73600e+02	3.96179e-21	9.73600e+02	3.98329e-21	9.73600e+02	3.98329e-21	9.73600e+02	4.00944e-21
9.73950e+02	4.09000e-21	9.73950e+02	4.09788e-21	9.73950e+02	4.13590e-21	9.73950e+02	4.13590e-21	9.73950e+02	4.09000e-21
9.74300e+02	4.18340e-21	9.74300e+02	4.25208e-21	9.74300e+02	4.30586e-21	9.74300e+02	4.30586e-21	9.74300e+02	4.18340e-21
9.74650e+02	4.28949e-21	9.74650e+02	4.42564e-21	9.74650e+02	4.49380e-21	9.74650e+02	4.49380e-21	9.74650e+02	4.28949e-21
9.75000e+02	4.40915e-21	9.75000e+02	4.61511e-21	9.75000e+02	4.70149e-21	9.75000e+02	4.70149e-21	9.75000e+02	4.40915e-21
9.75350e+02	4.54254e-21	9.75350e+02	4.81505e-21	9.75350e+02	4.92999e-21	9.75350e+02	4.92999e-21	9.75350e+02	4.54254e-21
9.75700e+02	4.69126e-21	9.75700e+02	5.02483e-21	9.75700e+02	5.18201e-21	9.75700e+02	5.18201e-21	9.75700e+02	4.69126e-21
9.76050e+02	4.85370e-21	9.76050e+02	5.25221e-21	9.76050e+02	5.45679e-21	9.76050e+02	5.45679e-21	9.76050e+02	4.85370e-21
9.76400e+02	5.02549e-21	9.76400e+02	5.50752e-21	9.76400e+02	5.75033e-21	9.76400e+02	5.75033e-21	9.76400e+02	5.02549e-21
9.76750e+02	5.19968e-21	9.76750e+02	5.79212e-21	9.76750e+02	6.05531e-21	9.76750e+02	6.05531e-21	9.76750e+02	5.19968e-21
9.77100e+02	5.37284e-21	9.77100e+02	6.09273e-21	9.77100e+02	6.36800e-21	9.77100e+02	6.36800e-21	9.77100e+02	5.37284e-21
9.77450e+02	5.54347e-21	9.77450e+02	6.38899e-21	9.77450e+02	6.68675e-21	9.77450e+02	6.68675e-21	9.77450e+02	5.54347e-21
9.77800e+02	5.70364e-21	9.77800e+02	6.66772e-21	9.77800e+02	7.00186e-21	9.77800e+02	7.00186e-21	9.77800e+02	5.70364e-21
9.78150e+02	5.84852e-21	9.78150e+02	6.92982e-21	9.78150e+02	7.30686e-21	9.78150e+02	7.30686e-21	9.78150e+02	5.84852e-21
9.78500e+02	5.96785e-21	9.78500e+02	7.18278e-21	9.78500e+02	7.58786e-21	9.78500e+02	7.58786e-21	9.78500e+02	5.96785e-21
9.78850e+02	6.05209e-21	9.78850e+02	7.42613e-21	9.78850e+02	7.83104e-21	9.78850e+02	7.83104e-21	9.78850e+02	6.05209e-21
9.79200e+02	6.09492e-21	9.79200e+02	7.64385e-21	9.79200e+02	8.02580e-21	9.79200e+02	8.02580e-21	9.79200e+02	6.09492e-21
9.79550e+02	6.09447e-21	9.79550e+02	7.81064e-21	9.79550e+02	8.16691e-21	9.79550e+02	8.16691e-21	9.79550e+02	6.09447e-21
9.79900e+02	6.04777e-21	9.79900e+02	7.90640e-21	9.79900e+02	8.24732e-21	9.79900e+02	8.24732e-21	9.79900e+02	6.04777e-21
9.80250e+02	5.95348e-21	9.80250e+02	7.92739e-21	9.80250e+02	8.26188e-21	9.80250e+02	8.26188e-21	9.80250e+02	5.95348e-21
9.80600e+02	5.81404e-21	9.80600e+02	7.88647e-21	9.80600e+02	8.21052e-21	9.80600e+02	8.21052e-21	9.80600e+02	5.81404e-21
9.80950e+02	5.63865e-21	9.80950e+02	7.80363e-21	9.80950e+02	8.10302e-21	9.80950e+02	8.10302e-21	9.80950e+02	5.63865e-21
9.81300e+02	5.43919e-21	9.81300e+02	7.69448e-21	9.81300e+02	7.95391e-21	9.81300e+02	7.95391e-21	9.81300e+02	5.43919e-21
9.81650e+02	5.22712e-21	9.81650e+02	7.56482e-21	9.81650e+02	7.77817e-21	9.81650e+02	7.77817e-21	9.81650e+02	5.22712e-21
9.82000e+02	5.01258e-21	9.82000e+02	7.41497e-21	9.82000e+02	7.58996e-21	9.82000e+02	7.58996e-21	9.82000e+02	5.01258e-21
9.82350e+02	4.80170e-21	9.82350e+02	7.24943e-21	9.82350e+02	7.39829e-21	9.82350e+02	7.39829e-21	9.82350e+02	4.80170e-21
9.82700e+02	4.60753e-21	9.82700e+02	7.08230e-21	9.82700e+02	7.22365e-21	9.82700e+02	7.22365e-21	9.82700e+02	4.60753e-21
9.83050e+02	4.42915e-21	9.83050e+02	6.93198e-21	9.83050e+02	7.06572e-21	9.83050e+02	7.06572e-21	9.83050e+02	4.42915e-21
9.83400e+02	4.26396e-21	9.83400e+02	6.80921e-21	9.83400e+02	6.92136e-21	9.83400e+02	6.92136e-21	9.83400e+02	4.26396e-21
9.83750e+02	4.11271e-21	9.83750e+02	6.71043e-21	9.83750e+02	6.79270e-21	9.83750e+02	6.79270e-21	9.83750e+02	4.11271e-21
9.84100e+02	3.97673e-21	9.84100e+02	6.62384e-21	9.84100e+02	6.68299e-21	9.84100e+02	6.68299e-21	9.84100e+02	3.97673e-21
9.84450e+02	3.85502e-21	9.84450e+02	6.54191e-21	9.84450e+02	6.59170e-21	9.84450e+02	6.59153e-21	9.84450e+02	3.85492e-21
9.84800e+02	3.74454e-21	9.84800e+02	6.46667e-21	9.84800e+02	6.51463e-21	9.84800e+02	6.51399e-21	9.84800e+02	3.74417e-21
9.85150e+02	3.64218e-21	9.85150e+02	6.40235e-21	9.85150e+02	6.44716e-21	9.85150e+02	6.44580e-21	9.85150e+02	3.64142e-21
9.85500e+02	3.54318e-21	9.85500e+02	6.34526e-21	9.85500e+02	6.38131e-21	9.85500e+02	6.37939e-21	9.85500e+02	3.54212e-21
9.85850e+02	3.45249e-21	9.85850e+02	6.28445e-21	9.85850e+02	6.32634e-21	9.85850e+02	6.32290e-21	9.85850e+02	3.45061e-21
9.86200e+02	3.36404e-21	9.86200e+02	6.21362e-21	9.86200e+02	6.27164e-21	9.86200e+02	6.26485e-21	9.86200e+02	3.36040e-21
9.86550e+02	3.27772e-21	9.86550e+02	6.14010e-21	9.86550e+02	6.21705e-21	9.86550e+02	6.20498e-21	9.86550e+02	3.27135e-21
9.86900e+02	3.19399e-21	9.86900e+02	6.07898e-21	9.86900e+02	6.16361e-21	9.86900e+02	6.14656e-21	9.86900e+02	3.18516e-21
9.87250e+02	3.11256e-21	9.87250e+02	6.03784e-21	9.87250e+02	6.11086e-21	9.87250e+02	6.09260e-21	9.87250e+02	3.10326e-21
9.87600e+02	3.03690e-21	9.87600e+02	6.00887e-21	9.87600e+02	6.06587e-21	9.87600e+02	6.04866e-21	9.87600e+02	3.02829e-21
9.87950e+02	2.96176e-21	9.87950e+02	5.97661e-21	9.87950e+02	6.01844e-21	9.87950e+02	6.00353e-21	9.87950e+02	2.95442e-21
9.88300e+02	2.88566e-21	9.88300e+02	5.93205e-21	9.88300e+02	5.96550e-21	9.88300e+02	5.95168e-21	9.88300e+02	2.87897e-21
9.88650e+02	2.81066e-21	9.88650e+02	5.87755e-21	9.88650e+02	5.91115e-21	9.88650e+02	5.89533e-21	9.88650e+02	2.80314e-21
9.89000e+02	2.73963e-21	9.89000e+02	5.81954e-21	9.89000e+02	5.86155e-21	9.89000e+02	5.83932e-21	9.89000e+02	2.72924e-21
9.89350e+02	2.66744e-21	9.89350e+02	5.76030e-21	9.89350e+02	5.80586e-21	9.89350e+02	5.77912e-21	9.89350e+02	2.65516e-21
9.89700e+02	2.59283e-21	9.89700e+02	5.69823e-21	9.89700e+02	5.74106e-21	9.89700e+02	5.71350e-21	9.89700e+02	2.58039e-21
9.90050e+02	2.51438e-21	9.90050e+02	5.63342e-21	9.90050e+02	5.66355e-21	9.90050e+02	5.64252e-21	9.90050e+02	2.50504e-21
9.90400e+02	2.43625e-21	9.90400e+02	5.56859e-21	9.90400e+02	5.58233e-21	9.90400e+02	5.57203e-21	9.90400e+02	2.43175e-21
9.90750e+02	2.36438e-21	9.90750e+02	5.50370e-21	9.90750e+02	5.51115e-21	9.90750e+02	5.50520e-21	9.90750e+02	2.36183e-21
9.91100e+02	2.29274e-21	9.91100e+02	5.43298e-21	9.91100e+02	5.43631e-21	9.91100e+02	5.43350e-21	9.91100e+02	2.29155e-21
9.91450e+02	2.21571e-21	9.91450e+02	5.35073e-21	9.91450e+02	5.34419e-21	9.91450e+02	5.34996e-21	9.91450e+02	2.21810e-21
9.91800e+02	2.13469e-21	9.91800e+02	5.25938e-21	9.91800e+02	5.23743e-21	9.91800e+02	5.25758e-21	9.91800e+02	2.14290e-21
9.92150e+02	2.05591e-21	9.92150e+02	5.16878e-21	9.92150e+02	5.13094e-21	9.92150e+02	5.16677e-21	9.92150e+02	2.07026e-21
9.92500e+02	1.98012e-21	9.92500e+02	5.08600e-21	9.92500e+02	5.02678e-21	9.92500e+02	5.08421e-21	9.92500e+02	2.00275e-21
9.92850e+02	1.90977e-21	9.92850e+02	5.00784e-21	9.92850e+02	4.93148e-21	9.92850e+02	5.00681e-21	9.92850e+02	1.93894e-21
9.93200e+02	1.84291e-21	9.93200e+02	4.92561e-21	9.93200e+02	4.84054e-21	9.93200e+02	4.92532e-21	9.93200e+02	1.87519e-21
9.93550e+02	1.77989e-21	9.93550e+02	4.83663e-21	9.93550e+02	4.75524e-21	9.93550e+02	4.83663e-21	9.93550e+02	1.81036e-21
9.93900e+02	1.72259e-21	9.93900e+02	4.74837e-21	9.93900e+02	4.68105e-21	9.93900e+02	4.74837e-21	9.93900e+02	1.74736e-21
9.94250e+02	1.66846e-21	9.94250e+02	4.67015e-21	9.94250e+02	4.61165e-21	9.94250e+02	4.67015e-21	9.94250e+02	1.68963e-21
9.94600e+02	1.61280e-21	9.94600e+02	4.60288e-21	9.94600e+02	4.53412e-21	9.94600e+02	4.60288e-21	9.94600e+02	1.63726e-21
9.94950e+02	1.55739e-21	9.94950e+02	4.53917e-21	9.94950e+02	4.45326e-21	9.94950e+02	4.53917e-21	9.94950e+02	1.58744e-21
9.95300e+02	1.50681e-21	9.95300e+02	4.47249e-21	9.95300e+02	4.38230e-21	9.95300e+02	4.47249e-21	9.95300e+02	1.53782e-21
9.95650e+02	1.46176e-21	9.95650e+02	4.40355e-21	9.95650e+02	4.32389e-21	9.95650e+02	4.40355e-21	9.95650e+02	1.48868e-21
9.96000e+02	1.42100e-21	9.96000e+02	4.33685e-21	9.96000e+02	4.27509e-21	9.96000e+02	4.33685e-21	9.96000e+02	1.44153e-21
9.96350e+02	1.37786e-21	9.96350e+02	4.27412e-21	9.96350e+02	4.21603e-21	9.96350e+02	4.27412e-21	9.96350e+02	1.39684e-21
9.96700e+02	1.33488e-21	9.96700e+02	4.21413e-21	9.96700e+02	4.15415e-21	9.96700e+02	4.21413e-21	9.96700e+02	1.35415e-21
9.97050e+02	1.29376e-21	9.97050e+02	4.15815e-21	9.97050e+02	4.09478e-21	9.97050e+02	4.15815e-21	9.97050e+02	1.31378e-21
9.97400e+02	1.25778e-21	9.97400e+02	4.11105e-21	9.97400e+02	4.04868e-21	9.97400e+02	4.11105e-21	9.97400e+02	1.27715e-21
9.97750e+02	1.22586e-21	9.97750e+02	4.07448e-21	9.97750e+02	4.01308e-21	9.97750e+02	4.07448e-21	9.97750e+02	1.24462e-21
9.98100e+02	1.19513e-21	9.98100e+02	4.04122e-21	9.98100e+02	3.97899e-21	9.98100e+02	4.04122e-21	9.98100e+02	1.21383e-21
9.98450e+02	1.16607e-21	9.98450e+02	4.00074e-21	9.98450e+02	3.94818e-21	9.98450e+02	4.00074e-21	9.98450e+02	1.18159e-21
9.98800e+02	1.14109e-21	9.98800e+02	3.95184e-21	9.98800e+02	3.92918e-21	9.98800e+02	3.95184e-21	9.98800e+02	1.14767e-21
9.99150e+02	1.11767e-21	9.99150e+02	3.90703e-21	9.99150e+02	3.91385e-21	9.99150e+02	3.90703e-21	9.99150e+02	1.11572e-21
9.99500e+02	1.09205e-21	9.99500e+02	3.88097e-21	9.99500e+02	3.88894e-21	9.99500e+02	3.88097e-21	9.99500e+02	1.08981e-21
9.99850e+02	1.06784e-21	9.99850e+02	3.87439e-21	9.99850e+02	3.86717e-21	9.99850e+02	3.87439e-21	9.99850e+02	1.06984e-21
1.00020e+03	1.04275e-21	1.00020e+03	3.87173e-21	1.00020e+03	3.84024e-21	1.00020e+03	3.87173e-21	1.00020e+03	1.05130e-21
1.00055e+03	1.01998e-21	1.00055e+03	3.85596e-21	1.00055e+03	3.81992e-21	1.00055e+03	3.85596e-21	1.00055e+03	1.02960e-21
1.00090e+03	9.96752e-22	1.00090e+03	3.82470e-21	1.00090e+03	3.79603e-21	1.00090e+03	3.82470e-21	1.00090e+03	1.00428e-21
1.00125e+03	9.70615e-22	1.00125e+03	3.79051e-21	1.00125e+03	3.75893e-21	1.00125e+03	3.79051e-21	1.00125e+03	9.78769e-22
1.00160e+03	9.46889e-22	1.00160e+03	3.76671e-21	1.00160e+03	3.72895e-21	1.00160e+03	3.76671e-21	1.00160e+03	9.56479e-22
1.00195e+03	9.28096e-22	1.00195e+03	3.75530e-21	1.00195e+03	3.71660e-21	1.00195e+03	3.75530e-21	1.00195e+03	9.37761e-22
1.00230e+03	9.13211e-22	1.00230e+03	3.74888e-21	1.00230e+03	3.71864e-21	1.00230e+03	3.74888e-21	1.00230e+03	9.20639e-22
1.00265e+03	8.97593e-22	1.00265e+03	3.74150e-21	1.00265e+03	3.71661e-21	1.00265e+03	3.74150e-21	1.00265e+03	9.03605e-22
1.00300e+03	8.82297e-22	1.00300e+03	3.73442e-21	1.00300e+03	3.71477e-21	1.00300e+03	3.73442e-21	1.00300e+03	8.86964e-22
1.00335e+03	8.68522e-22	1.00335e+03	3.73177e-21	1.00335e+03	3.71829e-21	1.00335e+03	3.73177e-21	1.00335e+03	8.71671e-22
1.00370e+03	8.55067e-22	1.00370e+03	3.73382e-21	1.00370e+03	3.72222e-21	1.00370e+03	3.73382e-21	1.00370e+03	8.57733e-22
1.00405e+03	8.41037e-22	1.00405e+03	3.73679e-21	1.00405e+03	3.72264e-21	1.00405e+03	3.73679e-21	1.00405e+03	8.44232e-22
1.00440e+03	8.27418e-22	1.00440e+03	3.73807e-21	1.00440e+03	3.72384e-21	1.00440e+03	3.73807e-21	1.00440e+03	8.30579e-22
1.00475e+03	8.15580e-22	1.00475e+03	3.73927e-21	1.00475e+03	3.73214e-21	1.00475e+03	3.73927e-21	1.00475e+03	8.17139e-22
1.00510e+03	8.05314e-22	1.00510e+03	3.74329e-21	1.00510e+03	3.74693e-21	1.00510e+03	3.74329e-21	1.00510e+03	8.04532e-22
1.00545e+03	7.95761e-22	1.00545e+03	3.75031e-21	1.00545e+03	3.76450e-21	1.00545e+03	3.75031e-21	1.00545e+03	7.92761e-22
1.00580e+03	7.83424e-22	1.00580e+03	3.75806e-21	1.00580e+03	3.76818e-21	1.00580e+03	3.75806e-21	1.00580e+03	7.81321e-22
1.00615e+03	7.70612e-22	1.00615e+03	3.76542e-21	1.00615e+03	3.76856e-21	1.00615e+03	3.76542e-21	1.00615e+03	7.69971e-22
1.00650e+03	7.60565e-22	1.00650e+03	3.77390e-21	1.00650e+03	3.78159e-21	1.00650e+03	3.77390e-21	1.00650e+03	7.59018e-22
1.00685e+03	7.50483e-22	1.00685e+03	3.78520e-21	1.00685e+03	3.79379e-21	1.00685e+03	3.78520e-21	1.00685e+03	7.48782e-22
1.00720e+03	7.41642e-22	1.00720e+03	3.79856e-21	1.00720e+03	3.81168e-21	1.00720e+03	3.79856e-21	1.00720e+03	7.39088e-22
1.00755e+03	7.33875e-22	1.00755e+03	3.81187e-21	1.00755e+03	3.83468e-21	1.00755e+03	3.81187e-21	1.00755e+03	7.29510e-22
1.00790e+03	7.26499e-22	1.00790e+03	3.82465e-21	1.00790e+03	3.85942e-21	1.00790e+03	3.82465e-21	1.00790e+03	7.19955e-22
1.00825e+03	7.18965e-22	1.00825e+03	3.83874e-21	1.00825e+03	3.88301e-21	1.00825e+03	3.83874e-21	1.00825e+03	7.10767e-22
1.00860e+03	7.11216e-22	1.00860e+03	3.85579e-21	1.00860e+03	3.90510e-21	1.00860e+03	3.85579e-21	1.00860e+03	7.02235e-22
1.00895e+03	7.02959e-22	1.00895e+03	3.87524e-21	1.00895e+03	3.92397e-21	1.00895e+03	3.87524e-21	1.00895e+03	6.94230e-22
1.00930e+03	6.93511e-22	1.00930e+03	3.89546e-21	1.00930e+03	3.93557e-21	1.00930e+03	3.89546e-21	1.00930e+03	6.86443e-22
1.00965e+03	6.82250e-22	1.00965e+03	3.91629e-21	1.00965e+03	3.93598e-21	1.00965e+03	3.91629e-21	1.00965e+03	6.78836e-22
1.01000e+03	6.72076e-22	1.01000e+03	3.93907e-21	1.01000e+03	3.94164e-21	1.01000e+03	3.93907e-21	1.01000e+03	6.71637e-22
1.01035e+03	6.63267e-22	1.01035e+03	3.96424e-21	1.01035e+03	3.95451e-21	1.01035e+03	3.96424e-21	1.01035e+03	6.64900e-22
1.01070e+03	6.55670e-22	1.01070e+03	3.98986e-21	1.01070e+03	3.97401e-21	1.01070e+03	3.98986e-21	1.01070e+03	6.58285e-22
1.01105e+03	6.49563e-22	1.01105e+03	4.01325e-21	1.01105e+03	4.00221e-21	1.01105e+03	4.01325e-21	1.01105e+03	6.51355e-22
1.01140e+03	6.42689e-22	1.01140e+03	4.03359e-21	1.01140e+03	4.02540e-21	1.01140e+03	4.03359e-21	1.01140e+03	6.43996e-22
1.01175e+03	6.36590e-22	1.01175e+03	4.05186e-21	1.01175e+03	4.05316e-21	1.01175e+03	4.05186e-21	1.01175e+03	6.36387e-22
1.01210e+03	6.29943e-22	1.01210e+03	4.06849e-21	1.01210e+03	4.07713e-21	1.01210e+03	4.06849e-21	1.01210e+03	6.28608e-22
1.01245e+03	6.19385e-22	1.01245e+03	4.08216e-21	1.01245e+03	4.07502e-21	1.01245e+03	4.08216e-21	1.01245e+03	6.20470e-22
1.01280e+03	6.07195e-22	1.01280e+03	4.09149e-21	1.01280e+03	4.06076e-21	1.01280e+03	4.09149e-21	1.01280e+03	6.11790e-22
1.01315e+03	5.99210e-22	1.01315e+03	4.09728e-21	1.01315e+03	4.07346e-21	1.01315e+03	4.09728e-21	1.01315e+03	6.02714e-22
1.01350e+03	5.92656e-22	1.01350e+03	4.10202e-21	1.01350e+03	4.09532e-21	1.01350e+03	4.10202e-21	1.01350e+03	5.93626e-22
1.01385e+03	5.83763e-22	1.01385e+03	4.10722e-21	1.01385e+03	4.10031e-21	1.01385e+03	4.10722e-21	1.01385e+03	5.84746e-22
1.01420e+03	5.72513e-22	1.01420e+03	4.11217e-21	1.01420e+03	4.08749e-21	1.01420e+03	4.11217e-21	1.01420e+03	5.75971e-22
1.01455e+03	5.62206e-22	1.01455e+03	4.11553e-21	1.01455e+03	4.07992e-21	1.01455e+03	4.11553e-21	1.01455e+03	5.67113e-22
1.01490e+03	5.54547e-22	1.01490e+03	4.11730e-21	1.01490e+03	4.09049e-21	1.01490e+03	4.11730e-21	1.01490e+03	5.58181e-22
1.01525e+03	5.47580e-22	1.01525e+03	4.11829e-21	1.01525e+03	4.10545e-21	1.01525e+03	4.11829e-21	1.01525e+03	5.49293e-22
1.01560e+03	5.38566e-22	1.01560e+03	4.11796e-21	1.01560e+03	4.10415e-21	1.01560e+03	4.11796e-21	1.01560e+03	5.40378e-22
1.01595e+03	5.29916e-22	1.01595e+03	4.11384e-21	1.01595e+03	4.10447e-21	1.01595e+03	4.11384e-21	1.01595e+03	5.31125e-22
1.01630e+03	5.23102e-22	1.01630e+03	4.10380e-21	1.01630e+03	4.11811e-21	1.01630e+03	4.10380e-21	1.01630e+03	5.21284e-22
1.01665e+03	5.15592e-22	1.01665e+03	4.08823e-21	1.01665e+03	4.12548e-21	1.01665e+03	4.08823e-21	1.01665e+03	5.10937e-22
1.01700e+03	5.05655e-22	1.01700e+03	4.06935e-21	1.01700e+03	4.11220e-21	1.01700e+03	4.06935e-21	1.01700e+03	5.00387e-22
1.01735e+03	4.95807e-22	1.01735e+03	4.04874e-21	1.01735e+03	4.09807e-21	1.01735e+03	4.04874e-21	1.01735e+03	4.89840e-22
1.01770e+03	4.87902e-22	1.01770e+03	4.02644e-21	1.01770e+03	4.09865e-21	1.01770e+03	4.02644e-21	1.01770e+03	4.79306e-22
1.01805e+03	4.80248e-22	1.01805e+03	4.00277e-21	1.01805e+03	4.10026e-21	1.01805e+03	4.00277e-21	1.01805e+03	4.68829e-22
1.01840e+03	4.69890e-22	1.01840e+03	3.97986e-21	1.01840e+03	4.07731e-21	1.01840e+03	3.97986e-21	1.01840e+03	4.58659e-22
1.01875e+03	4.57066e-22	1.01875e+03	3.96041e-21	1.01875e+03	4.03073e-21	1.01875e+03	3.96041e-21	1.01875e+03	4.49092e-22
1.01910e+03	4.46160e-22	1.01910e+03	3.94498e-21	1.01910e+03	3.99869e-21	1.01910e+03	3.94498e-21	1.01910e+03	4.40167e-22
1.01945e+03	4.36396e-22	1.01945e+03	3.93147e-21	1.01945e+03	3.97490e-21	1.01945e+03	3.93147e-21	1.01945e+03	4.31628e-22
1.01980e+03	4.26511e-22	1.01980e+03	3.91765e-21	1.01980e+03	3.94810e-21	1.01980e+03	3.91765e-21	1.01980e+03	4.23222e-22
1.02015e+03	4.18546e-22	1.02015e+03	3.90353e-21	1.02015e+03	3.93740e-21	1.02015e+03	3.90353e-21	1.02015e+03	4.14946e-22
1.02050e+03	4.12479e-22	1.02050e+03	3.89051e-21	1.02050e+03	3.94340e-21	1.02050e+03	3.89051e-21	1.02050e+03	4.06946e-22
1.02085e+03	4.06118e-22	1.02085e+03	3.87880e-21	1.02085e+03	3.94567e-21	1.02085e+03	3.87880e-21	1.02085e+03	3.99235e-22
1.02120e+03	3.98508e-22	1.02120e+03	3.86676e-21	1.02120e+03	3.93459e-21	1.02120e+03	3.86676e-21	1.02120e+03	3.91638e-22
1.02155e+03	3.87852e-22	1.02155e+03	3.85315e-21	1.02155e+03	3.89150e-21	1.02155e+03	3.85315e-21	1.02155e+03	3.84030e-22
1.02190e+03	3.80284e-22	1.02190e+03	3.83915e-21	1.02190e+03	3.87742e-21	1.02190e+03	3.83915e-21	1.02190e+03	3.76530e-22
1.02225e+03	3.78958e-22	1.02225e+03	3.82721e-21	1.02225e+03	3.92650e-21	1.02225e+03	3.82721e-21	1.02225e+03	3.69376e-22
1.02260e+03	3.77212e-22	1.02260e+03	3.81829e-21	1.02260e+03	3.97168e-21	1.02260e+03	3.81829e-21	1.02260e+03	3.62643e-22
1.02295e+03	3.72752e-22	1.02295e+03	3.81107e-21	1.02295e+03	3.98822e-21	1.02295e+03	3.81107e-21	1.02295e+03	3.56195e-22
1.02330e+03	3.68312e-22	1.02330e+03	3.80440e-21	1.02330e+03	4.00442e-21	1.02330e+03	3.80440e-21	1.02330e+03	3.49915e-22
1.02365e+03	3.61918e-22	1.02365e+03	3.79937e-21	1.02365e+03	3.99847e-21	1.02365e+03	3.79937e-21	1.02365e+03	3.43896e-22
1.02400e+03	3.55076e-22	1.02400e+03	3.79823e-21	1.02400e+03	3.98622e-21	1.02400e+03	3.79823e-21	1.02400e+03	3.38331e-22
1.02435e+03	3.49420e-22	1.02435e+03	3.80136e-21	1.02435e+03	3.98600e-21	1.02435e+03	3.80136e-21	1.02435e+03	3.33234e-22
1.02470e+03	3.41871e-22	1.02470e+03	3.80640e-21	1.02470e+03	3.96276e-21	1.02470e+03	3.80640e-21	1.02470e+03	3.28381e-22
1.02505e+03	3.36565e-22	1.02505e+03	3.81070e-21	1.02505e+03	3.96411e-21	1.02505e+03	3.81070e-21	1.02505e+03	3.23540e-22
1.02540e+03	3.34810e-22	1.02540e+03	3.81399e-21	1.02540e+03	4.00693e-21	1.02540e+03	3.81399e-21	1.02540e+03	3.18688e-22
1.02575e+03	3.36682e-22	1.02575e+03	3.81801e-21	1.02575e+03	4.09417e-21	1.02575e+03	3.81801e-21	1.02575e+03	3.13972e-22
1.02610e+03	3.39030e-22	1.02610e+03	3.82396e-21	1.02610e+03	4.18901e-21	1.02610e+03	3.82396e-21	1.02610e+03	3.09486e-22
1.02645e+03	3.38489e-22	1.02645e+03	3.83133e-21	1.02645e+03	4.24952e-21	1.02645e+03	3.83133e-21	1.02645e+03	3.05179e-22
1.02680e+03	3.35766e-22	1.02680e+03	3.83949e-21	1.02680e+03	4.28301e-21	1.02680e+03	3.83949e-21	1.02680e+03	3.00996e-22
1.02715e+03	3.33798e-22	1.02715e+03	3.84936e-21	1.02715e+03	4.32623e-21	1.02715e+03	3.84936e-21	1.02715e+03	2.97004e-22
1.02750e+03	3.28377e-22	1.02750e+03	3.86246e-21	1.02750e+03	4.32421e-21	1.02750e+03	3.86246e-21	1.02750e+03	2.93312e-22
1.02785e+03	3.20798e-22	1.02785e+03	3.87842e-21	1.02785e+03	4.29210e-21	1.02785e+03	3.87842e-21	1.02785e+03	2.89880e-22
1.02820e+03	3.14636e-22	1.02820e+03	3.89451e-21	1.02820e+03	4.27705e-21	1.02820e+03	3.89451e-21	1.02820e+03	2.86495e-22
1.02855e+03	3.12235e-22	1.02855e+03	3.90797e-21	1.02855e+03	4.31233e-21	1.02855e+03	3.90797e-21	1.02855e+03	2.82957e-22
1.02890e+03	3.15212e-22	1.02890e+03	3.91839e-21	1.02890e+03	4.42305e-21	1.02890e+03	3.91839e-21	1.02890e+03	2.79246e-22
1.02925e+03	3.16126e-22	1.02925e+03	3.92720e-21	1.02925e+03	4.50676e-21	1.02925e+03	3.92720e-21	1.02925e+03	2.75473e-22
1.02960e+03	3.10945e-22	1.02960e+03	3.93514e-21	1.02960e+03	4.50368e-21	1.02960e+03	3.93514e-21	1.02960e+03	2.71691e-22
1.02995e+03	3.03341e-22	1.02995e+03	3.94121e-21	1.02995e+03	4.46366e-21	1.02995e+03	3.94121e-21	1.02995e+03	2.67837e-22
1.03030e+03	2.94606e-22	1.03030e+03	3.94433e-21	1.03030e+03	4.40425e-21	1.03030e+03	3.94433e-21	1.03030e+03	2.63841e-22
1.03065e+03	2.80299e-22	1.03065e+03	3.94496e-21	1.03065e+03	4.25714e-21	1.03065e+03	3.94496e-21	1.03065e+03	2.59744e-22
1.03100e+03	2.68800e-22	1.03100e+03	3.94436e-21	1.03100e+03	4.14751e-21	1.03100e+03	3.94436e-21	1.03100e+03	2.55634e-22
1.03135e+03	2.61476e-22	1.03135e+03	3.94238e-21	1.03135e+03	4.09870e-21	1.03135e+03	3.94238e-21	1.03135e+03	2.51503e-22
1.03170e+03	2.56820e-22	1.03170e+03	3.93709e-21	1.03170e+03	4.08973e-21	1.03170e+03	3.93709e-21	1.03170e+03	2.47234e-22
1.03205e+03	2.53776e-22	1.03205e+03	3.92700e-21	1.03205e+03	4.10549e-21	1.03205e+03	3.92700e-21	1.03205e+03	2.42743e-22
1.03240e+03	2.50603e-22	1.03240e+03	3.91308e-21	1.03240e+03	4.11853e-21	1.03240e+03	3.91308e-21	1.03240e+03	2.38102e-22
1.03275e+03	2.46880e-22	1.03275e+03	3.89789e-21	1.03275e+03	4.12174e-21	1.03275e+03	3.89789e-21	1.03275e+03	2.33472e-22
1.03310e+03	2.42309e-22	1.03310e+03	3.88295e-21	1.03310e+03	4.10958e-21	1.03310e+03	3.88295e-21	1.03310e+03	2.28946e-22
1.03345e+03	2.38419e-22	1.03345e+03	3.86766e-21	1.03345e+03	4.10769e-21	1.03345e+03	3.86766e-21	1.03345e+03	2.24487e-22
1.03380e+03	2.36836e-22	1.03380e+03	3.85073e-21	1.03380e+03	4.14504e-21	1.03380e+03	3.85073e-21	1.03380e+03	2.20020e-22
1.03415e+03	2.37752e-22	1.03415e+03	3.83194e-21	1.03415e+03	4.22693e-21	1.03415e+03	3.83194e-21	1.03415e+03	2.15535e-22
1.03450e+03	2.34381e-22	1.03450e+03	3.81162e-21	1.03450e+03	4.23291e-21	1.03450e+03	3.81162e-21	1.03450e+03	2.11054e-22
1.03485e+03	2.28329e-22	1.03485e+03	3.78905e-21	1.03485e+03	4.18878e-21	1.03485e+03	3.78905e-21	1.03485e+03	2.06540e-22
1.03520e+03	2.21958e-22	1.03520e+03	3.76247e-21	1.03520e+03	4.13621e-21	1.03520e+03	3.76247e-21	1.03520e+03	2.01902e-22
1.03555e+03	2.14936e-22	1.03555e+03	3.73104e-21	1.03555e+03	4.06857e-21	1.03555e+03	3.73104e-21	1.03555e+03	1.97105e-22
1.03590e+03	2.10458e-22	1.03590e+03	3.69620e-21	1.03590e+03	4.04665e-21	1.03590e+03	3.69620e-21	1.03590e+03	1.92232e-22
1.03625e+03	2.07456e-22	1.03625e+03	3.66035e-21	1.03625e+03	4.05181e-21	1.03625e+03	3.66035e-21	1.03625e+03	1.87414e-22
1.03660e+03	2.05125e-22	1.03660e+03	3.62450e-21	1.03660e+03	4.06937e-21	1.03660e+03	3.62450e-21	1.03660e+03	1.82700e-22
1.03695e+03	2.06188e-22	1.03695e+03	3.58782e-21	1.03695e+03	4.15486e-21	1.03695e+03	3.58782e-21	1.03695e+03	1.78049e-22
1.03730e+03	2.09616e-22	1.03730e+03	3.54970e-21	1.03730e+03	4.29037e-21	1.03730e+03	3.54970e-21	1.03730e+03	1.73429e-22
1.03765e+03	2.07129e-22	1.03765e+03	3.51124e-21	1.03765e+03	4.30611e-21	1.03765e+03	3.51124e-21	1.03765e+03	1.68895e-22
1.03800e+03	2.03137e-22	1.03800e+03	3.47421e-21	1.03800e+03	4.28946e-21	1.03800e+03	3.47421e-21	1.03800e+03	1.64529e-22
1.03835e+03	1.97916e-22	1.03835e+03	3.43881e-21	1.03835e+03	4.24481e-21	1.03835e+03	3.43881e-21	1.03835e+03	1.60336e-22
1.03870e+03	1.93566e-22	1.03870e+03	3.40360e-21	1.03870e+03	4.21665e-21	1.03870e+03	3.40360e-21	1.03870e+03	1.56243e-22
1.03905e+03	1.90175e-22	1.03905e+03	3.36768e-21	1.03905e+03	4.20771e-21	1.03905e+03	3.36768e-21	1.03905e+03	1.52208e-22
1.03940e+03	1.86044e-22	1.03940e+03	3.33242e-21	1.03940e+03	4.18081e-21	1.03940e+03	3.33242e-21	1.03940e+03	1.48291e-22
1.03975e+03	1.81953e-22	1.03975e+03	3.30034e-21	1.03975e+03	4.15287e-21	1.03975e+03	3.30034e-21	1.03975e+03	1.44600e-22
1.04010e+03	1.79071e-22	1.04010e+03	3.27274e-21	1.04010e+03	4.15105e-21	1.04010e+03	3.27274e-21	1.04010e+03	1.41182e-22
1.04045e+03	1.75906e-22	1.04045e+03	3.24910e-21	1.04045e+03	4.14142e-21	1.04045e+03	3.24910e-21	1.04045e+03	1.38004e-22
1.04080e+03	1.72475e-22	1.04080e+03	3.22863e-21	1.04080e+03	4.12409e-21	1.04080e+03	3.22863e-21	1.04080e+03	1.35026e-22
1.04115e+03	1.68055e-22	1.04115e+03	3.21156e-21	1.04115e+03	4.08116e-21	1.04115e+03	3.21156e-21	1.04115e+03	1.32247e-22
1.04150e+03	1.63998e-22	1.04150e+03	3.19821e-21	1.04150e+03	4.04477e-21	1.04150e+03	3.19821e-21	1.04150e+03	1.29674e-22
1.04185e+03	1.62664e-22	1.04185e+03	3.18757e-21	1.04185e+03	4.07440e-21	1.04185e+03	3.18757e-21	1.04185e+03	1.27258e-22
1.04220e+03	1.58592e-22	1.04220e+03	3.17790e-21	1.04220e+03	4.03431e-21	1.04220e+03	3.17790e-21	1.04220e+03	1.24926e-22
1.04255e+03	1.55483e-22	1.04255e+03	3.16881e-21	1.04255e+03	4.01680e-21	1.04255e+03	3.16881e-21	1.04255e+03	1.22659e-22
1.04290e+03	1.54032e-22	1.04290e+03	3.16181e-21	1.04290e+03	4.04125e-21	1.04290e+03	3.16181e-21	1.04290e+03	1.20512e-22
1.04325e+03	1.51407e-22	1.04325e+03	3.15812e-21	1.04325e+03	4.03414e-21	1.04325e+03	3.15812e-21	1.04325e+03	1.18529e-22
1.04360e+03	1.46057e-22	1.04360e+03	3.15646e-21	1.04360e+03	3.95208e-21	1.04360e+03	3.15646e-21	1.04360e+03	1.16654e-22
1.04395e+03	1.41177e-22	1.04395e+03	3.15391e-21	1.04395e+03	3.87935e-21	1.04395e+03	3.15391e-21	1.04395e+03	1.14777e-22
1.04430e+03	1.36837e-22	1.04430e+03	3.14905e-21	1.04430e+03	3.81842e-21	1.04430e+03	3.14905e-21	1.04430e+03	1.12849e-22
1.04465e+03	1.34070e-22	1.04465e+03	3.14340e-21	1.04465e+03	3.79925e-21	1.04465e+03	3.14340e-21	1.04465e+03	1.10926e-22
1.04500e+03	1.34848e-22	1.04500e+03	3.13924e-21	1.04500e+03	3.88049e-21	1.04500e+03	3.13924e-21	1.04500e+03	1.09089e-22
1.04535e+03	1.36665e-22	1.04535e+03	3.13664e-21	1.04535e+03	3.99370e-21	1.04535e+03	3.13664e-21	1.04535e+03	1.07336e-22
1.04570e+03	1.39442e-22	1.04570e+03	3.13365e-21	1.04570e+03	4.13792e-21	1.04570e+03	3.13365e-21	1.04570e+03	1.05600e-22
1.04605e+03	1.40584e-22	1.04605e+03	3.12901e-21	1.04605e+03	4.23633e-21	1.04605e+03	3.12901e-21	1.04605e+03	1.03837e-22
1.04640e+03	1.38861e-22	1.04640e+03	3.12355e-21	1.04640e+03	4.24907e-21	1.04640e+03	3.12355e-21	1.04640e+03	1.02079e-22
1.04675e+03	1.33506e-22	1.04675e+03	3.11845e-21	1.04675e+03	4.14830e-21	1.04675e+03	3.11845e-21	1.04675e+03	1.00362e-22
1.04710e+03	1.28996e-22	1.04710e+03	3.11302e-21	1.04710e+03	4.07002e-21	1.04710e+03	3.11302e-21	1.04710e+03	9.86643e-23
1.04745e+03	1.27232e-22	1.04745e+03	3.10563e-21	1.04745e+03	4.07630e-21	1.04745e+03	3.10563e-21	1.04745e+03	9.69350e-23
1.04780e+03	1.26747e-22	1.04780e+03	3.09656e-21	1.04780e+03	4.12334e-21	1.04780e+03	3.09656e-21	1.04780e+03	9.51847e-23
1.04815e+03	1.27590e-22	1.04815e+03	3.08817e-21	1.04815e+03	4.21471e-21	1.04815e+03	3.08817e-21	1.04815e+03	9.34867e-23
1.04850e+03	1.24189e-22	1.04850e+03	3.08113e-21	1.04850e+03	4.16551e-21	1.04850e+03	3.08113e-21	1.04850e+03	9.18597e-23
1.04885e+03	1.22097e-22	1.04885e+03	3.07121e-21	1.04885e+03	4.15834e-21	1.04885e+03	3.07121e-21	1.04885e+03	9.01768e-23
1.04920e+03	1.22743e-22	1.04920e+03	3.05132e-21	1.04920e+03	4.24459e-21	1.04920e+03	3.05132e-21	1.04920e+03	8.82364e-23
1.04955e+03	1.25064e-22	1.04955e+03	3.01742e-21	1.04955e+03	4.39131e-21	1.04955e+03	3.01742e-21	1.04955e+03	8.59358e-23
1.04990e+03	1.28035e-22	1.04990e+03	2.97162e-21	1.04990e+03	4.56464e-21	1.04990e+03	2.97162e-21	1.04990e+03	8.33519e-23
1.05025e+03	1.33149e-22	1.05025e+03	2.91933e-21	1.05025e+03	4.81978e-21	1.05025e+03	2.91933e-21	1.05025e+03	8.06479e-23
1.05060e+03	1.35296e-22	1.05060e+03	2.86440e-21	1.05060e+03	4.97260e-21	1.05060e+03	2.86440e-21	1.05060e+03	7.79356e-23
1.05095e+03	1.34468e-22	1.05095e+03	2.80835e-21	1.05095e+03	5.01787e-21	1.05095e+03	2.80835e-21	1.05095e+03	7.52576e-23
1.05130e+03	1.28973e-22	1.05130e+03	2.75353e-21	1.05130e+03	4.88650e-21	1.05130e+03	2.75353e-21	1.05130e+03	7.26759e-23
1.05165e+03	1.19491e-22	1.05165e+03	2.70441e-21	1.05165e+03	4.59653e-21	1.05165e+03	2.70441e-21	1.05165e+03	7.03038e-23
1.05200e+03	1.13757e-22	1.05200e+03	2.66403e-21	1.05200e+03	4.44288e-21	1.05200e+03	2.66403e-21	1.05200e+03	6.82111e-23
1.05235e+03	1.14132e-22	1.05235e+03	2.63005e-21	1.05235e+03	4.52562e-21	1.05235e+03	2.63005e-21	1.05235e+03	6.63276e-23
1.05270e+03	1.15784e-22	1.05270e+03	2.59647e-21	1.05270e+03	4.66121e-21	1.05270e+03	2.59647e-21	1.05270e+03	6.44958e-23
1.05305e+03	1.15437e-22	1.05305e+03	2.55980e-21	1.05305e+03	4.71816e-21	1.05305e+03	2.55980e-21	1.05305e+03	6.26292e-23
1.05340e+03	1.14848e-22	1.05340e+03	2.52213e-21	1.05340e+03	4.76567e-21	1.05340e+03	2.52213e-21	1.05340e+03	6.07808e-23
1.05375e+03	1.15705e-22	1.05375e+03	2.48694e-21	1.05375e+03	4.87439e-21	1.05375e+03	2.48694e-21	1.05375e+03	5.90332e-23
1.05410e+03	1.14445e-22	1.05410e+03	2.45326e-21	1.05410e+03	4.89476e-21	1.05410e+03	2.45326e-21	1.05410e+03	5.73601e-23
1.05445e+03	1.10615e-22	1.05445e+03	2.41625e-21	1.05445e+03	4.80293e-21	1.05445e+03	2.41625e-21	1.05445e+03	5.56479e-23
1.05480e+03	1.07140e-22	1.05480e+03	2.37391e-21	1.05480e+03	4.72279e-21	1.05480e+03	2.37391e-21	1.05480e+03	5.38539e-23
1.05515e+03	1.04073e-22	1.05515e+03	2.33064e-21	1.05515e+03	4.65732e-21	1.05515e+03	2.33064e-21	1.05515e+03	5.20808e-23
1.05550e+03	1.02959e-22	1.05550e+03	2.29206e-21	1.05550e+03	4.67745e-21	1.05550e+03	2.29206e-21	1.05550e+03	5.04523e-23
1.05585e+03	9.96441e-23	1.05585e+03	2.25730e-21	1.05585e+03	4.59556e-21	1.05585e+03	2.25730e-21	1.05585e+03	4.89443e-23
1.05620e+03	9.37618e-23	1.05620e+03	2.21951e-21	1.05620e+03	4.38986e-21	1.05620e+03	2.21951e-21	1.05620e+03	4.74059e-23
1.05655e+03	9.13350e-23	1.05655e+03	2.17507e-21	1.05655e+03	4.34106e-21	1.05655e+03	2.17507e-21	1.05655e+03	4.57629e-23
1.05690e+03	9.29896e-23	1.05690e+03	2.12963e-21	1.05690e+03	4.48665e-21	1.05690e+03	2.12963e-21	1.05690e+03	4.41384e-23
1.05725e+03	9.36230e-23	1.05725e+03	2.09172e-21	1.05725e+03	4.58558e-21	1.05725e+03	2.09172e-21	1.05725e+03	4.27063e-23
1.05760e+03	9.18124e-23	1.05760e+03	2.06033e-21	1.05760e+03	4.56493e-21	1.05760e+03	2.06033e-21	1.05760e+03	4.14385e-23
1.05795e+03	9.02709e-23	1.05795e+03	2.02265e-21	1.05795e+03	4.55614e-21	1.05795e+03	2.02265e-21	1.05795e+03	4.00748e-23
1.05830e+03	8.81652e-23	1.05830e+03	1.96736e-21	1.05830e+03	4.51708e-21	1.05830e+03	1.96736e-21	1.05830e+03	3.83993e-23
1.05865e+03	8.67859e-23	1.05865e+03	1.89956e-21	1.05865e+03	4.51354e-21	1.05865e+03	1.89956e-21	1.05865e+03	3.65245e-23
1.05900e+03	8.65689e-23	1.05900e+03	1.83911e-21	1.05900e+03	4.57019e-21	1.05900e+03	1.83911e-21	1.05900e+03	3.48367e-23
1.05935e+03	8.44732e-23	1.05935e+03	1.80233e-21	1.05935e+03	4.52679e-21	1.05935e+03	1.80233e-21	1.05935e+03	3.36329e-23
1.05970e+03	8.39172e-23	1.05970e+03	1.78615e-21	1.05970e+03	4.56474e-21	1.05970e+03	1.78615e-21	1.05970e+03	3.28362e-23
1.06005e+03	8.22450e-23	1.06005e+03	1.77204e-21	1.06005e+03	4.54114e-21	1.06005e+03	1.77204e-21	1.06005e+03	3.20935e-23
1.06040e+03	8.07640e-23	1.06040e+03	1.74493e-21	1.06040e+03	4.52647e-21	1.06040e+03	1.74493e-21	1.06040e+03	3.11340e-23
1.06075e+03	7.87859e-23	1.06075e+03	1.70617e-21	1.06075e+03	4.48201e-21	1.06075e+03	1.70617e-21	1.06075e+03	2.99916e-23
1.06110e+03	7.94055e-23	1.06110e+03	1.66786e-21	1.06110e+03	4.58513e-21	1.06110e+03	1.66786e-21	1.06110e+03	2.88841e-23
1.06145e+03	7.78130e-23	1.06145e+03	1.63729e-21	1.06145e+03	4.56065e-21	1.06145e+03	1.63729e-21	1.06145e+03	2.79352e-23
1.06180e+03	7.77722e-23	1.06180e+03	1.61019e-21	1.06180e+03	4.62666e-21	1.06180e+03	1.61019e-21	1.06180e+03	2.70665e-23
1.06215e+03	7.66448e-23	1.06215e+03	1.57862e-21	1.06215e+03	4.62798e-21	1.06215e+03	1.57862e-21	1.06215e+03	2.61438e-23
1.06250e+03	7.15237e-23	1.06250e+03	1.54194e-21	1.06250e+03	4.38348e-21	1.06250e+03	1.54194e-21	1.06250e+03	2.51592e-23
1.06285e+03	6.38168e-23	1.06285e+03	1.50717e-21	1.06285e+03	3.96972e-21	1.06285e+03	1.50717e-21	1.06285e+03	2.42291e-23
1.06320e+03	5.58818e-23	1.06320e+03	1.47988e-21	1.06320e+03	3.52815e-21	1.06320e+03	1.47988e-21	1.06320e+03	2.34395e-23
1.06355e+03	5.38461e-23	1.06355e+03	1.45774e-21	1.06355e+03	3.45048e-21	1.06355e+03	1.45774e-21	1.06355e+03	2.27486e-23
1.06390e+03	5.69498e-23	1.06390e+03	1.43435e-21	1.06390e+03	3.70391e-21	1.06390e+03	1.43435e-21	1.06390e+03	2.20540e-23
1.06425e+03	6.35238e-23	1.06425e+03	1.40720e-21	1.06425e+03	4.19318e-21	1.06425e+03	1.40720e-21	1.06425e+03	2.13181e-23
1.06460e+03	6.69743e-23	1.06460e+03	1.37964e-21	1.06460e+03	4.48694e-21	1.06460e+03	1.37964e-21	1.06460e+03	2.05932e-23
1.06495e+03	6.80421e-23	1.06495e+03	1.35540e-21	1.06495e+03	4.62648e-21	1.06495e+03	1.35540e-21	1.06495e+03	1.99340e-23
1.06530e+03	6.32563e-23	1.06530e+03	1.33386e-21	1.06530e+03	4.36519e-21	1.06530e+03	1.33386e-21	1.06530e+03	1.93291e-23
1.06565e+03	5.88994e-23	1.06565e+03	1.31191e-21	1.06565e+03	4.12508e-21	1.06565e+03	1.31191e-21	1.06565e+03	1.87319e-23
1.06600e+03	5.52569e-23	1.06600e+03	1.28898e-21	1.06600e+03	3.92760e-21	1.06600e+03	1.28898e-21	1.06600e+03	1.81346e-23
1.06635e+03	5.49929e-23	1.06635e+03	1.26786e-21	1.06635e+03	3.96699e-21	1.06635e+03	1.26786e-21	1.06635e+03	1.75759e-23
1.06670e+03	5.80196e-23	1.06670e+03	1.25035e-21	1.06670e+03	4.24755e-21	1.06670e+03	1.25035e-21	1.06670e+03	1.70791e-23
1.06705e+03	6.01466e-23	1.06705e+03	1.23411e-21	1.06705e+03	4.46869e-21	1.06705e+03	1.23411e-21	1.06705e+03	1.66105e-23
1.06740e+03	6.30972e-23	1.06740e+03	1.21519e-21	1.06740e+03	4.75752e-21	1.06740e+03	1.21519e-21	1.06740e+03	1.61166e-23
1.06775e+03	6.31366e-23	1.06775e+03	1.19283e-21	1.06775e+03	4.83113e-21	1.06775e+03	1.19283e-21	1.06775e+03	1.55887e-23
1.06810e+03	5.85492e-23	1.06810e+03	1.17011e-21	1.06810e+03	4.54655e-21	1.06810e+03	1.17011e-21	1.06810e+03	1.50684e-23
1.06845e+03	5.13103e-23	1.06845e+03	1.14970e-21	1.06845e+03	4.04347e-21	1.06845e+03	1.14970e-21	1.06845e+03	1.45893e-23
1.06880e+03	4.58333e-23	1.06880e+03	1.13058e-21	1.06880e+03	3.66534e-21	1.06880e+03	1.13058e-21	1.06880e+03	1.41373e-23
1.06915e+03	4.02931e-23	1.06915e+03	1.11008e-21	1.06915e+03	3.26998e-21	1.06915e+03	1.11008e-21	1.06915e+03	1.36785e-23
1.06950e+03	3.75402e-23	1.06950e+03	1.08824e-21	1.06950e+03	3.09162e-21	1.06950e+03	1.08824e-21	1.06950e+03	1.32140e-23
1.06985e+03	3.61262e-23	1.06985e+03	1.06832e-21	1.06985e+03	3.01915e-21	1.06985e+03	1.06832e-21	1.06985e+03	1.27831e-23
1.07020e+03	3.67882e-23	1.07020e+03	1.05245e-21	1.07020e+03	3.11989e-21	1.07020e+03	1.05245e-21	1.07020e+03	1.24100e-23
1.07055e+03	4.16692e-23	1.07055e+03	1.03833e-21	1.07055e+03	3.58599e-21	1.07055e+03	1.03833e-21	1.07055e+03	1.20654e-23
1.07090e+03	4.61362e-23	1.07090e+03	1.02141e-21	1.07090e+03	4.02898e-21	1.07090e+03	1.02141e-21	1.07090e+03	1.16963e-23
1.07125e+03	4.71845e-23	1.07125e+03	1.00018e-21	1.07125e+03	4.18127e-21	1.07125e+03	1.00018e-21	1.07125e+03	1.12867e-23
1.07160e+03	4.37037e-23	1.07160e+03	9.77934e-22	1.07160e+03	3.92987e-21	1.07160e+03	9.77934e-22	1.07160e+03	1.08755e-23
1.07195e+03	3.92130e-23	1.07195e+03	9.58932e-22	1.07195e+03	3.57798e-21	1.07195e+03	9.58932e-22	1.07195e+03	1.05095e-23
1.07230e+03	3.51259e-23	1.07230e+03	9.43570e-22	1.07230e+03	3.25220e-21	1.07230e+03	9.43570e-22	1.07230e+03	1.01912e-23
1.07265e+03	3.63248e-23	1.07265e+03	9.28437e-22	1.07265e+03	3.41266e-21	1.07265e+03	9.28437e-22	1.07265e+03	9.88242e-24
1.07300e+03	3.60356e-23	1.07300e+03	9.10716e-22	1.07300e+03	3.43523e-21	1.07300e+03	9.10716e-22	1.07300e+03	9.55343e-24
1.07335e+03	3.34760e-23	1.07335e+03	8.91436e-22	1.07335e+03	3.23808e-21	1.07335e+03	8.91436e-22	1.07335e+03	9.21587e-24
1.07370e+03	3.31956e-23	1.07370e+03	8.73999e-22	1.07370e+03	3.25808e-21	1.07370e+03	8.73999e-22	1.07370e+03	8.90493e-24
1.07405e+03	3.28001e-23	1.07405e+03	8.60274e-22	1.07405e+03	3.26646e-21	1.07405e+03	8.60274e-22	1.07405e+03	8.63842e-24
1.07440e+03	3.18637e-23	1.07440e+03	8.48939e-22	1.07440e+03	3.21972e-21	1.07440e+03	8.48939e-22	1.07440e+03	8.40147e-24
1.07475e+03	3.21675e-23	1.07475e+03	8.37334e-22	1.07475e+03	3.29801e-21	1.07475e+03	8.37334e-22	1.07475e+03	8.16703e-24
1.07510e+03	3.39155e-23	1.07510e+03	8.24048e-22	1.07510e+03	3.52812e-21	1.07510e+03	8.24048e-22	1.07510e+03	7.92151e-24
1.07545e+03	3.43042e-23	1.07545e+03	8.09467e-22	1.07545e+03	3.62074e-21	1.07545e+03	8.09467e-22	1.07545e+03	7.66918e-24
1.07580e+03	3.68818e-23	1.07580e+03	7.94661e-22	1.07580e+03	3.94970e-21	1.07580e+03	7.94661e-22	1.07580e+03	7.42044e-24
1.07615e+03	3.95399e-23	1.07615e+03	7.80487e-22	1.07615e+03	4.29620e-21	1.07615e+03	7.80487e-22	1.07615e+03	7.18316e-24
1.07650e+03	3.92526e-23	1.07650e+03	7.67435e-22	1.07650e+03	4.32725e-21	1.07650e+03	7.67435e-22	1.07650e+03	6.96142e-24
1.07685e+03	3.91304e-23	1.07685e+03	7.55333e-22	1.07685e+03	4.37670e-21	1.07685e+03	7.55333e-22	1.07685e+03	6.75314e-24
1.07720e+03	3.63304e-23	1.07720e+03	7.42879e-22	1.07720e+03	4.12276e-21	1.07720e+03	7.42879e-22	1.07720e+03	6.54636e-24
1.07755e+03	3.40841e-23	1.07755e+03	7.28214e-22	1.07755e+03	3.92420e-21	1.07755e+03	7.28214e-22	1.07755e+03	6.32498e-24
1.07790e+03	3.28566e-23	1.07790e+03	7.10779e-22	1.07790e+03	3.83794e-21	1.07790e+03	7.10779e-22	1.07790e+03	6.08497e-24
1.07825e+03	3.00608e-23	1.07825e+03	6.92519e-22	1.07825e+03	3.56246e-21	1.07825e+03	6.92519e-22	1.07825e+03	5.84362e-24
1.07860e+03	2.71224e-23	1.07860e+03	6.76502e-22	1.07860e+03	3.26097e-21	1.07860e+03	6.76502e-22	1.07860e+03	5.62665e-24
1.07895e+03	2.75385e-23	1.07895e+03	6.64015e-22	1.07895e+03	3.35911e-21	1.07895e+03	6.64015e-22	1.07895e+03	5.44370e-24
1.07930e+03	3.21802e-23	1.07930e+03	6.53372e-22	1.07930e+03	3.98229e-21	1.07930e+03	6.53372e-22	1.07930e+03	5.27978e-24
1.07965e+03	3.39211e-23	1.07965e+03	6.41848e-22	1.07965e+03	4.25864e-21	1.07965e+03	6.41848e-22	1.07965e+03	5.11247e-24
1.08000e+03	3.18169e-23	1.08000e+03	6.28467e-22	1.08000e+03	4.05240e-21	1.08000e+03	6.28467e-22	1.08000e+03	4.93433e-24
1.08035e+03	2.86632e-23	1.08035e+03	6.14422e-22	1.08035e+03	3.70363e-21	1.08035e+03	6.14422e-22	1.08035e+03	4.75515e-24
1.08070e+03	2.67814e-23	1.08070e+03	6.01130e-22	1.08070e+03	3.51060e-21	1.08070e+03	6.01130e-22	1.08070e+03	4.58586e-24
1.08105e+03	2.48702e-23	1.08105e+03	5.88788e-22	1.08105e+03	3.30725e-21	1.08105e+03	5.88788e-22	1.08105e+03	4.42763e-24
1.08140e+03	2.43487e-23	1.08140e+03	5.77182e-22	1.08140e+03	3.28473e-21	1.08140e+03	5.77182e-22	1.08140e+03	4.27846e-24
1.08175e+03	2.60978e-23	1.08175e+03	5.66961e-22	1.08175e+03	3.57158e-21	1.08175e+03	5.66961e-22	1.08175e+03	4.14282e-24
1.08210e+03	2.95729e-23	1.08210e+03	5.58953e-22	1.08210e+03	4.10563e-21	1.08210e+03	5.58953e-22	1.08210e+03	4.02614e-24
1.08245e+03	3.23363e-23	1.08245e+03	5.52176e-22	1.08245e+03	4.55408e-21	1.08245e+03	5.52176e-22	1.08245e+03	3.92073e-24
1.08280e+03	3.42536e-23	1.08280e+03	5.43761e-22	1.08280e+03	4.89370e-21	1.08280e+03	5.43761e-22	1.08280e+03	3.80607e-24
1.08315e+03	3.46894e-23	1.08315e+03	5.31793e-22	1.08315e+03	5.02741e-21	1.08315e+03	5.31793e-22	1.08315e+03	3.66940e-24
1.08350e+03	3.33232e-23	1.08350e+03	5.17886e-22	1.08350e+03	4.89899e-21	1.08350e+03	5.17886e-22	1.08350e+03	3.52269e-24
1.08385e+03	3.01837e-23	1.08385e+03	5.05846e-22	1.08385e+03	4.50132e-21	1.08385e+03	5.05846e-22	1.08385e+03	3.39196e-24
1.08420e+03	2.54559e-23	1.08420e+03	4.97463e-22	1.08420e+03	3.85089e-21	1.08420e+03	4.97463e-22	1.08420e+03	3.28843e-24
1.08455e+03	1.99759e-23	1.08455e+03	4.90404e-22	1.08455e+03	3.06534e-21	1.08455e+03	4.90404e-22	1.08455e+03	3.19581e-24
1.08490e+03	1.41690e-23	1.08490e+03	4.80993e-22	1.08490e+03	2.20551e-21	1.08490e+03	4.80993e-22	1.08490e+03	3.09007e-24
1.08525e+03	1.07269e-23	1.08525e+03	4.68684e-22	1.08525e+03	1.69370e-21	1.08525e+03	4.68684e-22	1.08525e+03	2.96837e-24
1.08560e+03	8.38924e-24	1.08560e+03	4.56785e-22	1.08560e+03	1.34361e-21	1.08560e+03	4.56785e-22	1.08560e+03	2.85208e-24
1.08595e+03	7.44311e-24	1.08595e+03	4.48525e-22	1.08595e+03	1.20918e-21	1.08595e+03	4.48525e-22	1.08595e+03	2.76091e-24
1.08630e+03	7.19468e-24	1.08630e+03	4.43290e-22	1.08630e+03	1.18557e-21	1.08630e+03	4.43290e-22	1.08630e+03	2.69013e-24
1.08665e+03	6.78795e-24	1.08665e+03	4.37518e-22	1.08665e+03	1.13457e-21	1.08665e+03	4.37518e-22	1.08665e+03	2.61761e-24
1.08700e+03	8.18522e-24	1.08700e+03	4.28892e-22	1.08700e+03	1.38770e-21	1.08700e+03	4.28892e-22	1.08700e+03	2.52979e-24
1.08735e+03	8.89184e-24	1.08735e+03	4.18538e-22	1.08735e+03	1.52906e-21	1.08735e+03	4.18538e-22	1.08735e+03	2.43390e-24
1.08770e+03	9.14502e-24	1.08770e+03	4.08816e-22	1.08770e+03	1.59508e-21	1.08770e+03	4.08816e-22	1.08770e+03	2.34386e-24
1.08805e+03	8.24504e-24	1.08805e+03	4.00022e-22	1.08805e+03	1.45865e-21	1.08805e+03	4.00022e-22	1.08805e+03	2.26113e-24
1.08840e+03	7.83577e-24	1.08840e+03	3.90405e-22	1.08840e+03	1.40603e-21	1.08840e+03	3.90405e-22	1.08840e+03	2.17571e-24
1.08875e+03	6.27599e-24	1.08875e+03	3.79236e-22	1.08875e+03	1.14222e-21	1.08875e+03	3.79236e-22	1.08875e+03	2.08374e-24
1.08910e+03	5.59289e-24	1.08910e+03	3.68538e-22	1.08910e+03	1.03241e-21	1.08910e+03	3.68538e-22	1.08910e+03	1.99648e-24
1.08945e+03	7.24163e-24	1.08945e+03	3.60947e-22	1.08945e+03	1.35580e-21	1.08945e+03	3.60947e-22	1.08945e+03	1.92789e-24
1.08980e+03	9.41131e-24	1.08980e+03	3.56428e-22	1.08980e+03	1.78711e-21	1.08980e+03	3.56428e-22	1.08980e+03	1.87702e-24
1.09015e+03	1.26132e-23	1.09015e+03	3.52138e-22	1.09015e+03	2.42919e-21	1.09015e+03	3.52138e-22	1.09015e+03	1.82842e-24
1.09050e+03	1.38370e-23	1.09050e+03	3.45735e-22	1.09050e+03	2.70279e-21	1.09050e+03	3.45735e-22	1.09050e+03	1.77000e-24
1.09085e+03	1.34429e-23	1.09085e+03	3.37975e-22	1.09085e+03	2.66314e-21	1.09085e+03	3.37975e-22	1.09085e+03	1.70602e-24
1.09120e+03	1.14100e-23	1.09120e+03	3.31456e-22	1.09120e+03	2.29250e-21	1.09120e+03	3.31456e-22	1.09120e+03	1.64969e-24
1.09155e+03	1.04360e-23	1.09155e+03	3.27210e-22	1.09155e+03	2.12657e-21	1.09155e+03	3.27210e-22	1.09155e+03	1.60576e-24
1.09190e+03	1.22261e-23	1.09190e+03	3.23393e-22	1.09190e+03	2.52668e-21	1.09190e+03	3.23393e-22	1.09190e+03	1.56483e-24
1.09225e+03	1.45282e-23	1.09225e+03	3.17505e-22	1.09225e+03	3.04501e-21	1.09225e+03	3.17505e-22	1.09225e+03	1.51486e-24
1.09260e+03	1.91216e-23	1.09260e+03	3.09271e-22	1.09260e+03	4.06454e-21	1.09260e+03	3.09271e-22	1.09260e+03	1.45497e-24
1.09295e+03	2.44148e-23	1.09295e+03	3.00953e-22	1.09295e+03	5.26314e-21	1.09295e+03	3.00953e-22	1.09295e+03	1.39607e-24
1.09330e+03	2.65031e-23	1.09330e+03	2.95176e-22	1.09330e+03	5.79415e-21	1.09330e+03	2.95176e-22	1.09330e+03	1.35017e-24
1.09365e+03	2.39255e-23	1.09365e+03	2.92919e-22	1.09365e+03	5.30458e-21	1.09365e+03	2.92919e-22	1.09365e+03	1.32116e-24
1.09400e+03	1.57797e-23	1.09400e+03	2.93270e-22	1.09400e+03	3.54801e-21	1.09400e+03	2.93270e-22	1.09400e+03	1.30432e-24
1.09435e+03	1.11042e-23	1.09435e+03	2.94159e-22	1.09435e+03	2.53200e-21	1.09435e+03	2.94159e-22	1.09435e+03	1.29005e-24
1.09470e+03	9.11764e-24	1.09470e+03	2.93029e-22	1.09470e+03	2.10835e-21	1.09470e+03	2.93029e-22	1.09470e+03	1.26721e-24
1.09505e+03	1.15734e-23	1.09505e+03	2.87731e-22	1.09505e+03	2.71395e-21	1.09505e+03	2.87731e-22	1.09505e+03	1.22700e-24
1.09540e+03	1.63217e-23	1.09540e+03	2.78105e-22	1.09540e+03	3.88139e-21	1.09540e+03	2.78105e-22	1.09540e+03	1.16947e-24
1.09575e+03	2.45059e-23	1.09575e+03	2.66926e-22	1.09575e+03	5.90971e-21	1.09575e+03	2.66926e-22	1.09575e+03	1.10687e-24
1.09610e+03	3.37304e-23	1.09610e+03	2.58331e-22	1.09610e+03	8.24874e-21	1.09610e+03	2.58331e-22	1.09610e+03	1.05636e-24
1.09645e+03	3.55528e-23	1.09645e+03	2.54296e-22	1.09645e+03	8.81670e-21	1.09645e+03	2.54296e-22	1.09645e+03	1.02543e-24
1.09680e+03	3.25965e-23	1.09680e+03	2.52643e-22	1.09680e+03	8.19720e-21	1.09680e+03	2.52643e-22	1.09680e+03	1.00464e-24
1.09715e+03	2.73704e-23	1.09715e+03	2.49146e-22	1.09715e+03	6.97967e-21	1.09715e+03	2.49146e-22	1.09715e+03	9.77015e-25
1.09750e+03	2.76655e-23	1.09750e+03	2.41874e-22	1.09750e+03	7.15397e-21	1.09750e+03	2.41874e-22	1.09750e+03	9.35366e-25
1.09785e+03	2.65964e-23	1.09785e+03	2.33125e-22	1.09785e+03	6.97399e-21	1.09785e+03	2.33125e-22	1.09785e+03	8.89056e-25
1.09820e+03	2.76663e-23	1.09820e+03	2.26872e-22	1.09820e+03	7.35626e-21	1.09820e+03	2.26872e-22	1.09820e+03	8.53247e-25
1.09855e+03	2.88828e-23	1.09855e+03	2.24686e-22	1.09855e+03	7.78735e-21	1.09855e+03	2.24686e-22	1.09855e+03	8.33349e-25
1.09890e+03	3.08200e-23	1.09890e+03	2.24589e-22	1.09890e+03	8.42602e-21	1.09890e+03	2.24589e-22	1.09890e+03	8.21484e-25
1.09925e+03	3.37330e-23	1.09925e+03	2.23624e-22	1.09925e+03	9.35147e-21	1.09925e+03	2.23624e-22	1.09925e+03	8.06665e-25
1.09960e+03	3.29373e-23	1.09960e+03	2.20731e-22	1.09960e+03	9.25858e-21	1.09960e+03	2.20731e-22	1.09960e+03	7.85246e-25
1.09995e+03	3.18523e-23	1.09995e+03	2.16846e-22	1.09995e+03	9.07874e-21	1.09995e+03	2.16846e-22	1.09995e+03	7.60791e-25
1.10030e+03	3.32316e-23	1.10030e+03	2.12976e-22	1.10030e+03	9.60418e-21	1.10030e+03	2.12976e-22	1.10030e+03	7.36923e-25
1.10065e+03	3.60922e-23	1.10065e+03	2.09151e-22	1.10065e+03	1.05765e-20	1.10065e+03	2.09151e-22	1.10065e+03	7.13725e-25
1.10100e+03	3.21253e-23	1.10100e+03	2.05225e-22	1.10100e+03	9.54538e-21	1.10100e+03	2.05225e-22	1.10100e+03	6.90691e-25
1.10135e+03	2.84474e-23	1.10135e+03	2.01729e-22	1.10135e+03	8.57041e-21	1.10135e+03	2.01729e-22	1.10135e+03	6.69593e-25
1.10170e+03	2.31558e-23	1.10170e+03	1.99230e-22	1.10170e+03	7.07339e-21	1.10170e+03	1.99230e-22	1.10170e+03	6.52211e-25
1.10205e+03	1.87729e-23	1.10205e+03	1.97231e-22	1.10205e+03	5.81440e-21	1.10205e+03	1.97231e-22	1.10205e+03	6.36801e-25
1.10240e+03	1.54941e-23	1.10240e+03	1.94539e-22	1.10240e+03	4.86565e-21	1.10240e+03	1.94539e-22	1.10240e+03	6.19489e-25
1.10275e+03	1.14970e-23	1.10275e+03	1.90813e-22	1.10275e+03	3.66064e-21	1.10275e+03	1.90813e-22	1.10275e+03	5.99289e-25
1.10310e+03	1.23798e-23	1.10310e+03	1.87050e-22	1.10310e+03	3.99649e-21	1.10310e+03	1.87050e-22	1.10310e+03	5.79420e-25
1.10345e+03	1.94005e-23	1.10345e+03	1.84114e-22	1.10345e+03	6.34991e-21	1.10345e+03	1.84114e-22	1.10345e+03	5.62511e-25
1.10380e+03	2.62957e-23	1.10380e+03	1.81308e-22	1.10380e+03	8.72619e-21	1.10380e+03	1.81308e-22	1.10380e+03	5.46358e-25
1.10415e+03	2.83656e-23	1.10415e+03	1.77248e-22	1.10415e+03	9.54365e-21	1.10415e+03	1.77248e-22	1.10415e+03	5.26817e-25
1.10450e+03	2.87537e-23	1.10450e+03	1.72094e-22	1.10450e+03	9.80831e-21	1.10450e+03	1.72094e-22	1.10450e+03	5.04503e-25
1.10485e+03	2.51442e-23	1.10485e+03	1.68026e-22	1.10485e+03	8.69589e-21	1.10485e+03	1.68026e-22	1.10485e+03	4.85848e-25
1.10520e+03	2.13960e-23	1.10520e+03	1.66870e-22	1.10520e+03	7.50204e-21	1.10520e+03	1.66870e-22	1.10520e+03	4.75917e-25
1.10555e+03	1.74959e-23	1.10555e+03	1.67680e-22	1.10555e+03	6.21940e-21	1.10555e+03	1.67680e-22	1.10555e+03	4.71702e-25
1.10590e+03	1.13152e-23	1.10590e+03	1.67547e-22	1.10590e+03	4.07793e-21	1.10590e+03	1.67547e-22	1.10590e+03	4.64899e-25
1.10625e+03	9.58989e-24	1.10625e+03	1.64917e-22	1.10625e+03	3.50389e-21	1.10625e+03	1.64917e-22	1.10625e+03	4.51365e-25
1.10660e+03	1.25613e-23	1.10660e+03	1.61387e-22	1.10660e+03	4.65294e-21	1.10660e+03	1.61387e-22	1.10660e+03	4.35688e-25
1.10695e+03	1.74354e-23	1.10695e+03	1.59688e-22	1.10695e+03	6.54750e-21	1.10695e+03	1.59688e-22	1.10695e+03	4.25235e-25
1.10730e+03	2.09335e-23	1.10730e+03	1.60351e-22	1.10730e+03	7.96954e-21	1.10730e+03	1.60351e-22	1.10730e+03	4.21191e-25
1.10765e+03	1.99766e-23	1.10765e+03	1.61144e-22	1.10765e+03	7.71009e-21	1.10765e+03	1.61144e-22	1.10765e+03	4.17519e-25
1.10800e+03	1.70170e-23	1.10800e+03	1.59812e-22	1.10800e+03	6.65824e-21	1.10800e+03	1.59812e-22	1.10800e+03	4.08442e-25
1.10835e+03	1.61462e-23	1.10835e+03	1.56534e-22	1.10835e+03	6.40448e-21	1.10835e+03	1.56534e-22	1.10835e+03	3.94633e-25
1.10870e+03	1.34230e-23	1.10870e+03	1.53163e-22	1.10870e+03	5.39754e-21	1.10870e+03	1.53163e-22	1.10870e+03	3.80896e-25
1.10905e+03	1.07064e-23	1.10905e+03	1.50643e-22	1.10905e+03	4.36435e-21	1.10905e+03	1.50643e-22	1.10905e+03	3.69548e-25
1.10940e+03	9.16217e-24	1.10940e+03	1.48175e-22	1.10940e+03	3.78618e-21	1.10940e+03	1.48175e-22	1.10940e+03	3.58568e-25
1.10975e+03	8.67049e-24	1.10975e+03	1.45047e-22	1.10975e+03	3.63219e-21	1.10975e+03	1.45047e-22	1.10975e+03	3.46246e-25
1.11010e+03	9.74004e-24	1.11010e+03	1.42309e-22	1.11010e+03	4.13622e-21	1.11010e+03	1.42309e-22	1.11010e+03	3.35112e-25
1.11045e+03	1.17827e-23	1.11045e+03	1.41781e-22	1.11045e+03	5.07227e-21	1.11045e+03	1.41781e-22	1.11045e+03	3.29353e-25
1.11080e+03	1.09917e-23	1.11080e+03	1.43617e-22	1.11080e+03	4.79660e-21	1.11080e+03	1.43617e-22	1.11080e+03	3.29107e-25
1.11115e+03	8.61306e-24	1.11115e+03	1.45643e-22	1.11115e+03	3.81007e-21	1.11115e+03	1.45643e-22	1.11115e+03	3.29241e-25
1.11150e+03	7.56539e-24	1.11150e+03	1.45381e-22	1.11150e+03	3.39242e-21	1.11150e+03	1.45381e-22	1.11150e+03	3.24211e-25
1.11185e+03	4.68183e-24	1.11185e+03	1.42234e-22	1.11185e+03	2.12811e-21	1.11185e+03	1.42234e-22	1.11185e+03	3.12914e-25
1.11220e+03	5.14807e-24	1.11220e+03	1.37436e-22	1.11220e+03	2.37202e-21	1.11220e+03	1.37436e-22	1.11220e+03	2.98281e-25
1.11255e+03	6.36852e-24	1.11255e+03	1.32471e-22	1.11255e+03	2.97444e-21	1.11255e+03	1.32471e-22	1.11255e+03	2.83632e-25
1.11290e+03	6.28309e-24	1.11290e+03	1.28336e-22	1.11290e+03	2.97460e-21	1.11290e+03	1.28336e-22	1.11290e+03	2.71077e-25
1.11325e+03	5.09964e-24	1.11325e+03	1.26099e-22	1.11325e+03	2.44726e-21	1.11325e+03	1.26099e-22	1.11325e+03	2.62767e-25
1.11360e+03	5.98928e-24	1.11360e+03	1.26916e-22	1.11360e+03	2.91337e-21	1.11360e+03	1.26916e-22	1.11360e+03	2.60913e-25
1.11395e+03	6.12919e-24	1.11395e+03	1.30583e-22	1.11395e+03	3.02205e-21	1.11395e+03	1.30583e-22	1.11395e+03	2.64842e-25
1.11430e+03	5.54743e-24	1.11430e+03	1.34539e-22	1.11430e+03	2.77245e-21	1.11430e+03	1.34539e-22	1.11430e+03	2.69200e-25
1.11465e+03	8.63658e-24	1.11465e+03	1.35508e-22	1.11465e+03	4.37506e-21	1.11465e+03	1.35508e-22	1.11465e+03	2.67499e-25
1.11500e+03	7.11197e-24	1.11500e+03	1.32624e-22	1.11500e+03	3.65172e-21	1.11500e+03	1.32624e-22	1.11500e+03	2.58294e-25
1.11535e+03	8.50929e-24	1.11535e+03	1.28372e-22	1.11535e+03	4.42858e-21	1.11535e+03	1.28372e-22	1.11535e+03	2.46660e-25
1.11570e+03	1.26376e-23	1.11570e+03	1.25842e-22	1.11570e+03	6.66645e-21	1.11570e+03	1.25842e-22	1.11570e+03	2.38558e-25
1.11605e+03	1.72471e-23	1.11605e+03	1.25344e-22	1.11605e+03	9.22150e-21	1.11605e+03	1.25344e-22	1.11605e+03	2.34433e-25
1.11640e+03	1.88517e-23	1.11640e+03	1.24396e-22	1.11640e+03	1.02161e-20	1.11640e+03	1.24396e-22	1.11640e+03	2.29545e-25
1.11675e+03	2.07433e-23	1.11675e+03	1.21013e-22	1.11675e+03	1.13937e-20	1.11675e+03	1.21013e-22	1.11675e+03	2.20316e-25
1.11710e+03	2.13565e-23	1.11710e+03	1.16183e-22	1.11710e+03	1.18894e-20	1.11710e+03	1.16183e-22	1.11710e+03	2.08695e-25
1.11745e+03	1.87812e-23	1.11745e+03	1.12586e-22	1.11745e+03	1.05973e-20	1.11745e+03	1.12586e-22	1.11745e+03	1.99533e-25
1.11780e+03	1.61596e-23	1.11780e+03	1.11469e-22	1.11780e+03	9.24138e-21	1.11780e+03	1.11469e-22	1.11780e+03	1.94915e-25
1.11815e+03	9.27423e-24	1.11815e+03	1.11646e-22	1.11815e+03	5.37549e-21	1.11815e+03	1.11646e-22	1.11815e+03	1.92621e-25
1.11850e+03	5.78219e-24	1.11850e+03	1.11496e-22	1.11850e+03	3.39674e-21	1.11850e+03	1.11496e-22	1.11850e+03	1.89797e-25
1.11885e+03	3.28924e-24	1.11885e+03	1.10870e-22	1.11885e+03	1.95835e-21	1.11885e+03	1.10870e-22	1.11885e+03	1.86217e-25
1.11920e+03	1.86455e-24	1.11920e+03	1.10450e-22	1.11920e+03	1.12510e-21	1.11920e+03	1.10450e-22	1.11920e+03	1.83040e-25
1.11955e+03	3.24205e-24	1.11955e+03	1.09974e-22	1.11955e+03	1.98270e-21	1.11955e+03	1.09974e-22	1.11955e+03	1.79826e-25
1.11990e+03	8.56036e-24	1.11990e+03	1.08335e-22	1.11990e+03	5.30572e-21	1.11990e+03	1.08335e-22	1.11990e+03	1.74791e-25
1.12025e+03	1.22015e-23	1.12025e+03	1.05546e-22	1.12025e+03	7.66438e-21	1.12025e+03	1.05546e-22	1.12025e+03	1.68026e-25
1.12060e+03	1.33307e-23	1.12060e+03	1.03488e-22	1.12060e+03	8.48642e-21	1.12060e+03	1.03488e-22	1.12060e+03	1.62562e-25
1.12095e+03	1.30631e-23	1.12095e+03	1.03858e-22	1.12095e+03	8.42794e-21	1.12095e+03	1.03858e-22	1.12095e+03	1.60977e-25
1.12130e+03	1.16796e-23	1.12130e+03	1.05873e-22	1.12130e+03	7.63665e-21	1.12130e+03	1.05873e-22	1.12130e+03	1.61923e-25
1.12165e+03	8.79833e-24	1.12165e+03	1.07117e-22	1.12165e+03	5.83007e-21	1.12165e+03	1.07117e-22	1.12165e+03	1.61654e-25
1.12200e+03	4.92118e-24	1.12200e+03	1.06748e-22	1.12200e+03	3.30472e-21	1.12200e+03	1.06748e-22	1.12200e+03	1.58962e-25
1.12235e+03	4.08417e-24	1.12235e+03	1.06752e-22	1.12235e+03	2.77946e-21	1.12235e+03	1.06752e-22	1.12235e+03	1.56863e-25
1.12270e+03	7.72984e-24	1.12270e+03	1.09208e-22	1.12270e+03	5.33105e-21	1.12270e+03	1.09208e-22	1.12270e+03	1.58348e-25
1.12305e+03	1.06106e-23	1.12305e+03	1.12984e-22	1.12305e+03	7.41592e-21	1.12305e+03	1.12984e-22	1.12305e+03	1.61656e-25
1.12340e+03	9.95427e-24	1.12340e+03	1.14468e-22	1.12340e+03	7.05039e-21	1.12340e+03	1.14468e-22	1.12340e+03	1.61614e-25
1.12375e+03	1.14656e-23	1.12375e+03	1.11828e-22	1.12375e+03	8.22958e-21	1.12375e+03	1.11828e-22	1.12375e+03	1.55802e-25
1.12410e+03	1.23884e-23	1.12410e+03	1.07417e-22	1.12410e+03	9.01089e-21	1.12410e+03	1.07417e-22	1.12410e+03	1.47680e-25
1.12445e+03	1.09050e-23	1.12445e+03	1.05006e-22	1.12445e+03	8.03796e-21	1.12445e+03	1.05006e-22	1.12445e+03	1.42461e-25
1.12480e+03	8.15983e-24	1.12480e+03	1.05236e-22	1.12480e+03	6.09487e-21	1.12480e+03	1.05236e-22	1.12480e+03	1.40890e-25
1.12515e+03	6.25186e-24	1.12515e+03	1.05136e-22	1.12515e+03	4.73210e-21	1.12515e+03	1.05136e-22	1.12515e+03	1.38901e-25
1.12550e+03	6.18742e-24	1.12550e+03	1.02391e-22	1.12550e+03	4.74582e-21	1.12550e+03	1.02391e-22	1.12550e+03	1.33494e-25
1.12585e+03	5.45559e-24	1.12585e+03	9.87622e-23	1.12585e+03	4.24031e-21	1.12585e+03	9.87622e-23	1.12585e+03	1.27068e-25
1.12620e+03	3.64775e-24	1.12620e+03	9.80534e-23	1.12620e+03	2.87297e-21	1.12620e+03	9.80534e-23	1.12620e+03	1.24496e-25
1.12655e+03	2.90747e-24	1.12655e+03	1.01154e-22	1.12655e+03	2.32042e-21	1.12655e+03	1.01154e-22	1.12655e+03	1.26745e-25
1.12690e+03	4.38283e-24	1.12690e+03	1.04607e-22	1.12690e+03	3.54446e-21	1.12690e+03	1.04607e-22	1.12690e+03	1.29349e-25
1.12725e+03	5.07719e-24	1.12725e+03	1.04686e-22	1.12725e+03	4.16062e-21	1.12725e+03	1.04686e-22	1.12725e+03	1.27748e-25
1.12760e+03	5.63545e-24	1.12760e+03	1.01824e-22	1.12760e+03	4.67950e-21	1.12760e+03	1.01824e-22	1.12760e+03	1.22625e-25
1.12795e+03	6.88677e-24	1.12795e+03	9.97512e-23	1.12795e+03	5.79454e-21	1.12795e+03	9.97512e-23	1.12795e+03	1.18554e-25
1.12830e+03	6.92395e-24	1.12830e+03	1.00526e-22	1.12830e+03	5.90318e-21	1.12830e+03	1.00526e-22	1.12830e+03	1.17909e-25
1.12865e+03	6.60946e-24	1.12865e+03	1.01854e-22	1.12865e+03	5.70983e-21	1.12865e+03	1.01854e-22	1.12865e+03	1.17902e-25
1.12900e+03	5.47349e-24	1.12900e+03	1.00037e-22	1.12900e+03	4.79119e-21	1.12900e+03	1.00037e-22	1.12900e+03	1.14283e-25
1.12935e+03	4.94404e-24	1.12935e+03	9.46678e-23	1.12935e+03	4.38510e-21	1.12935e+03	9.46678e-23	1.12935e+03	1.06735e-25
1.12970e+03	4.64613e-24	1.12970e+03	8.91700e-23	1.12970e+03	4.17545e-21	1.12970e+03	8.91700e-23	1.12970e+03	9.92218e-26
1.13005e+03	4.77743e-24	1.13005e+03	8.67704e-23	1.13005e+03	4.35028e-21	1.13005e+03	8.67704e-23	1.13005e+03	9.52903e-26
1.13040e+03	7.49379e-24	1.13040e+03	8.71201e-23	1.13040e+03	6.91404e-21	1.13040e+03	8.71201e-23	1.13040e+03	9.44252e-26
1.13075e+03	9.82667e-24	1.13075e+03	8.74705e-23	1.13075e+03	9.18630e-21	1.13075e+03	8.74705e-23	1.13075e+03	9.35680e-26
1.13110e+03	1.05056e-23	1.13110e+03	8.62814e-23	1.13110e+03	9.95071e-21	1.13110e+03	8.62814e-23	1.13110e+03	9.10924e-26
1.13145e+03	9.60339e-24	1.13145e+03	8.45046e-23	1.13145e+03	9.21630e-21	1.13145e+03	8.45046e-23	1.13145e+03	8.80538e-26
1.13180e+03	8.94574e-24	1.13180e+03	8.35030e-23	1.13180e+03	8.69844e-21	1.13180e+03	8.35030e-23	1.13180e+03	8.58769e-26
1.13215e+03	1.06278e-23	1.13215e+03	8.30815e-23	1.13215e+03	1.04702e-20	1.13215e+03	8.30815e-23	1.13215e+03	8.43314e-26
1.13250e+03	1.22739e-23	1.13250e+03	8.23757e-23	1.13250e+03	1.22513e-20	1.13250e+03	8.23757e-23	1.13250e+03	8.25273e-26
1.13285e+03	1.28431e-23	1.13285e+03	8.19185e-23	1.13285e+03	1.29883e-20	1.13285e+03	8.19185e-23	1.13285e+03	8.10023e-26
1.13320e+03	1.42122e-23	1.13320e+03	8.35463e-23	1.13320e+03	1.45621e-20	1.13320e+03	8.35463e-23	1.13320e+03	8.15386e-26
1.13355e+03	1.64711e-23	1.13355e+03	8.80694e-23	1.13355e+03	1.70987e-20	1.13355e+03	8.80694e-23	1.13355e+03	8.48370e-26
1.13390e+03	1.77144e-23	1.13390e+03	9.39552e-23	1.13390e+03	1.86311e-20	1.13390e+03	9.39552e-23	1.13390e+03	8.93323e-26
1.13425e+03	1.83893e-23	1.13425e+03	9.88830e-23	1.13425e+03	1.95951e-20	1.13425e+03	9.88830e-23	1.13425e+03	9.27984e-26
1.13460e+03	2.11397e-23	1.13460e+03	1.02003e-22	1.13460e+03	2.28216e-20	1.13460e+03	1.02003e-22	1.13460e+03	9.44856e-26
1.13495e+03	2.38171e-23	1.13495e+03	1.03860e-22	1.13495e+03	2.60493e-20	1.13495e+03	1.03860e-22	1.13495e+03	9.49602e-26
1.13530e+03	2.51491e-23	1.13530e+03	1.04447e-22	1.13530e+03	2.78670e-20	1.13530e+03	1.04447e-22	1.13530e+03	9.42605e-26
1.13565e+03	2.26414e-23	1.13565e+03	1.02604e-22	1.13565e+03	2.54171e-20	1.13565e+03	1.02604e-22	1.13565e+03	9.13991e-26
1.13600e+03	1.79977e-23	1.13600e+03	9.79825e-23	1.13600e+03	2.04687e-20	1.13600e+03	9.79825e-23	1.13600e+03	8.61540e-26
1.13635e+03	1.43228e-23	1.13635e+03	9.27625e-23	1.13635e+03	1.65025e-20	1.13635e+03	9.27625e-23	1.13635e+03	8.05103e-26
1.13670e+03	1.22891e-23	1.13670e+03	9.01849e-23	1.13670e+03	1.43445e-20	1.13670e+03	9.01849e-23	1.13670e+03	7.72624e-26
1.13705e+03	1.29767e-23	1.13705e+03	9.12190e-23	1.13705e+03	1.53452e-20	1.13705e+03	9.12190e-23	1.13705e+03	7.71398e-26
1.13740e+03	1.29707e-23	1.13740e+03	9.35321e-23	1.13740e+03	1.55385e-20	1.13740e+03	9.35321e-23	1.13740e+03	7.80759e-26
1.13775e+03	1.20333e-23	1.13775e+03	9.42504e-23	1.13775e+03	1.46037e-20	1.13775e+03	9.42504e-23	1.13775e+03	7.76614e-26
1.13810e+03	1.20823e-23	1.13810e+03	9.31424e-23	1.13810e+03	1.48545e-20	1.13810e+03	9.31424e-23	1.13810e+03	7.57598e-26
1.13845e+03	1.35108e-23	1.13845e+03	9.23203e-23	1.13845e+03	1.68273e-20	1.13845e+03	9.23203e-23	1.13845e+03	7.41245e-26
1.13880e+03	1.77726e-23	1.13880e+03	9.30889e-23	1.13880e+03	2.24238e-20	1.13880e+03	9.30889e-23	1.13880e+03	7.37800e-26
1.13915e+03	1.96173e-23	1.13915e+03	9.41497e-23	1.13915e+03	2.50737e-20	1.13915e+03	9.41497e-23	1.13915e+03	7.36613e-26
1.13950e+03	2.06684e-23	1.13950e+03	9.33385e-23	1.13950e+03	2.67611e-20	1.13950e+03	9.33385e-23	1.13950e+03	7.20883e-26
1.13985e+03	2.15716e-23	1.13985e+03	9.03616e-23	1.13985e+03	2.82939e-20	1.13985e+03	9.03616e-23	1.13985e+03	6.88929e-26
1.14020e+03	1.99920e-23	1.14020e+03	8.69802e-23	1.14020e+03	2.65629e-20	1.14020e+03	8.69802e-23	1.14020e+03	6.54637e-26
1.14055e+03	1.42976e-23	1.14055e+03	8.48247e-23	1.14055e+03	1.92437e-20	1.14055e+03	8.48247e-23	1.14055e+03	6.30226e-26
1.14090e+03	5.68776e-24	1.14090e+03	8.40958e-23	1.14090e+03	7.75479e-21	1.14090e+03	8.40958e-23	1.14090e+03	6.16802e-26
1.14125e+03	1.84006e-24	1.14125e+03	8.46428e-23	1.14125e+03	2.54132e-21	1.14125e+03	8.46428e-23	1.14125e+03	6.12861e-26
1.14160e+03	4.22014e-24	1.14160e+03	8.71574e-23	1.14160e+03	5.90407e-21	1.14160e+03	8.71574e-23	1.14160e+03	6.22988e-26
1.14195e+03	6.97799e-24	1.14195e+03	9.20835e-23	1.14195e+03	9.88889e-21	1.14195e+03	9.20835e-23	1.14195e+03	6.49778e-26
1.14230e+03	7.52198e-24	1.14230e+03	9.75835e-23	1.14230e+03	1.07979e-20	1.14230e+03	9.75835e-23	1.14230e+03	6.79783e-26
1.14265e+03	9.95438e-24	1.14265e+03	9.99687e-23	1.14265e+03	1.44746e-20	1.14265e+03	9.99687e-23	1.14265e+03	6.87499e-26
1.14300e+03	1.07306e-23	1.14300e+03	9.70093e-23	1.14300e+03	1.58052e-20	1.14300e+03	9.70093e-23	1.14300e+03	6.58626e-26
1.14335e+03	1.04424e-23	1.14335e+03	9.03609e-23	1.14335e+03	1.55796e-20	1.14335e+03	9.03609e-23	1.14335e+03	6.05657e-26
1.14370e+03	1.23065e-23	1.14370e+03	8.39416e-23	1.14370e+03	1.85980e-20	1.14370e+03	8.39416e-23	1.14370e+03	5.55454e-26
1.14405e+03	1.32101e-23	1.14405e+03	8.00817e-23	1.14405e+03	2.02213e-20	1.14405e+03	8.00817e-23	1.14405e+03	5.23157e-26
1.14440e+03	1.39293e-23	1.14440e+03	7.80708e-23	1.14440e+03	2.15972e-20	1.14440e+03	7.80708e-23	1.14440e+03	5.03522e-26
1.14475e+03	1.48965e-23	1.14475e+03	7.65089e-23	1.14475e+03	2.33948e-20	1.14475e+03	7.65089e-23	1.14475e+03	4.87166e-26
1.14510e+03	1.19092e-23	1.14510e+03	7.58808e-23	1.14510e+03	1.89444e-20	1.14510e+03	7.58808e-23	1.14510e+03	4.77018e-26
1.14545e+03	1.00717e-23	1.14545e+03	7.77426e-23	1.14545e+03	1.62277e-20	1.14545e+03	7.77426e-23	1.14545e+03	4.82507e-26
1.14580e+03	8.62457e-24	1.14580e+03	8.18140e-23	1.14580e+03	1.40750e-20	1.14580e+03	8.18140e-23	1.14580e+03	5.01322e-26
1.14615e+03	3.99299e-24	1.14615e+03	8.53269e-23	1.14615e+03	6.60026e-21	1.14615e+03	8.53269e-23	1.14615e+03	5.16206e-26
1.14650e+03	1.03417e-24	1.14650e+03	8.59257e-23	1.14650e+03	1.73142e-21	1.14650e+03	8.59257e-23	1.14650e+03	5.13230e-26
1.14685e+03	1.72946e-24	1.14685e+03	8.43993e-23	1.14685e+03	2.93269e-21	1.14685e+03	8.43993e-23	1.14685e+03	4.97717e-26
1.14720e+03	1.46032e-24	1.14720e+03	8.34849e-23	1.14720e+03	2.50811e-21	1.14720e+03	8.34849e-23	1.14720e+03	4.86083e-26
1.14755e+03	8.62125e-25	1.14755e+03	8.41575e-23	1.14755e+03	1.49971e-21	1.14755e+03	8.41575e-23	1.14755e+03	4.83790e-26
1.14790e+03	2.26642e-24	1.14790e+03	8.42813e-23	1.14790e+03	3.99311e-21	1.14790e+03	8.42813e-23	1.14790e+03	4.78366e-26
1.14825e+03	4.56280e-24	1.14825e+03	8.15545e-23	1.14825e+03	8.14204e-21	1.14825e+03	8.15545e-23	1.14825e+03	4.57031e-26
1.14860e+03	6.21814e-24	1.14860e+03	7.71309e-23	1.14860e+03	1.12380e-20	1.14860e+03	7.71309e-23	1.14860e+03	4.26774e-26
1.14895e+03	9.06433e-24	1.14895e+03	7.53682e-23	1.14895e+03	1.65917e-20	1.14895e+03	7.53682e-23	1.14895e+03	4.11749e-26
1.14930e+03	1.04226e-23	1.14930e+03	7.98854e-23	1.14930e+03	1.93220e-20	1.14930e+03	7.98854e-23	1.14930e+03	4.30915e-26
1.14965e+03	9.25060e-24	1.14965e+03	9.03200e-23	1.14965e+03	1.73686e-20	1.14965e+03	9.03200e-23	1.14965e+03	4.81050e-26
1.15000e+03	4.50604e-24	1.15000e+03	1.02856e-22	1.15000e+03	8.56849e-21	1.15000e+03	0.00000e+00	1.15000e+03	0.00000e+00
