sigma_a_Yb:FP15_x	sigma_a_Yb:FP15_y	sigma_e_Füchtbauer_x	sigma_e_Füchtbauer_y	sigma_e_McCumber_x	sigma_e_McCumber_y	sigma_e_average_x	sigma_e_average_y	sigma_a_average_x	sigma_a_average_y
8.00000e+02	8.17386e-25	8.00000e+02	3.02708e-23	8.00000e+02	1.76234e-29	8.00000e+02	1.76234e-29	8.00000e+02	8.17386e-25
8.00350e+02	2.93790e-24	8.00350e+02	3.51458e-23	8.00350e+02	6.50546e-29	8.00350e+02	6.50546e-29	8.00350e+02	2.93790e-24
8.00700e+02	3.75007e-24	8.00700e+02	3.61912e-23	8.00700e+02	8.52806e-29	8.00700e+02	8.52806e-29	8.00700e+02	3.75007e-24
8.01050e+02	3.61183e-24	8.01050e+02	3.43831e-23	8.01050e+02	8.43527e-29	8.01050e+02	8.43527e-29	8.01050e+02	3.61183e-24
8.01400e+02	2.88115e-24	8.01400e+02	3.29899e-23	8.01400e+02	6.91013e-29	8.01400e+02	6.91013e-29	8.01400e+02	2.88115e-24
8.01750e+02	1.55354e-24	8.01750e+02	3.40216e-23	8.01750e+02	3.82633e-29	8.01750e+02	3.82633e-29	8.01750e+02	1.55354e-24
8.02100e+02	1.40037e-24	8.02100e+02	3.63993e-23	8.02100e+02	3.54186e-29	8.02100e+02	3.54186e-29	8.02100e+02	1.40037e-24
8.02450e+02	1.60937e-24	8.02450e+02	3.76532e-23	8.02450e+02	4.17990e-29	8.02450e+02	4.17990e-29	8.02450e+02	1.60937e-24
8.02800e+02	2.28661e-24	8.02800e+02	3.68534e-23	8.02800e+02	6.09833e-29	8.02800e+02	6.09833e-29	8.02800e+02	2.28661e-24
8.03150e+02	2.91167e-24	8.03150e+02	3.53619e-23	8.03150e+02	7.97372e-29	8.03150e+02	7.97372e-29	8.03150e+02	2.91167e-24
8.03500e+02	2.47076e-24	8.03500e+02	3.49053e-23	8.03500e+02	6.94766e-29	8.03500e+02	6.94766e-29	8.03500e+02	2.47076e-24
8.03850e+02	2.31645e-24	8.03850e+02	3.55997e-23	8.03850e+02	6.68821e-29	8.03850e+02	6.68821e-29	8.03850e+02	2.31645e-24
8.04200e+02	2.81860e-24	8.04200e+02	3.62146e-23	8.04200e+02	8.35583e-29	8.04200e+02	8.35583e-29	8.04200e+02	2.81860e-24
8.04550e+02	3.64293e-24	8.04550e+02	3.59647e-23	8.04550e+02	1.10883e-28	8.04550e+02	1.10883e-28	8.04550e+02	3.64293e-24
8.04900e+02	3.24893e-24	8.04900e+02	3.54172e-23	8.04900e+02	1.01533e-28	8.04900e+02	1.01533e-28	8.04900e+02	3.24893e-24
8.05250e+02	4.52414e-24	8.05250e+02	3.55642e-23	8.05250e+02	1.45158e-28	8.05250e+02	1.45158e-28	8.05250e+02	4.52414e-24
8.05600e+02	5.45725e-24	8.05600e+02	3.65148e-23	8.05600e+02	1.79766e-28	8.05600e+02	1.79766e-28	8.05600e+02	5.45725e-24
8.05950e+02	5.21766e-24	8.05950e+02	3.74936e-23	8.05950e+02	1.76453e-28	8.05950e+02	1.76453e-28	8.05950e+02	5.21766e-24
8.06300e+02	4.82745e-24	8.06300e+02	3.79141e-23	8.06300e+02	1.67603e-28	8.06300e+02	1.67603e-28	8.06300e+02	4.82745e-24
8.06650e+02	3.47037e-24	8.06650e+02	3.79700e-23	8.06650e+02	1.23691e-28	8.06650e+02	1.23691e-28	8.06650e+02	3.47037e-24
8.07000e+02	2.67070e-24	8.07000e+02	3.80761e-23	8.07000e+02	9.77189e-29	8.07000e+02	9.77189e-29	8.07000e+02	2.67070e-24
8.07350e+02	2.16066e-24	8.07350e+02	3.81349e-23	8.07350e+02	8.11557e-29	8.07350e+02	8.11557e-29	8.07350e+02	2.16066e-24
8.07700e+02	1.60633e-24	8.07700e+02	3.77133e-23	8.07700e+02	6.19353e-29	8.07700e+02	6.19353e-29	8.07700e+02	1.60633e-24
8.08050e+02	1.04728e-24	8.08050e+02	3.68117e-23	8.08050e+02	4.14502e-29	8.08050e+02	4.14502e-29	8.08050e+02	1.04728e-24
8.08400e+02	2.66651e-24	8.08400e+02	3.60575e-23	8.08400e+02	1.08332e-28	8.08400e+02	1.08332e-28	8.08400e+02	2.66651e-24
8.08750e+02	3.59201e-24	8.08750e+02	3.60099e-23	8.08750e+02	1.49794e-28	8.08750e+02	1.49794e-28	8.08750e+02	3.59201e-24
8.09100e+02	4.00664e-24	8.09100e+02	3.65226e-23	8.09100e+02	1.71501e-28	8.09100e+02	1.71501e-28	8.09100e+02	4.00664e-24
8.09450e+02	4.29663e-24	8.09450e+02	3.69971e-23	8.09450e+02	1.88771e-28	8.09450e+02	1.88771e-28	8.09450e+02	4.29663e-24
8.09800e+02	4.71655e-24	8.09800e+02	3.71107e-23	8.09800e+02	2.12688e-28	8.09800e+02	2.12688e-28	8.09800e+02	4.71655e-24
8.10150e+02	4.99188e-24	8.10150e+02	3.70160e-23	8.10150e+02	2.31038e-28	8.10150e+02	2.31038e-28	8.10150e+02	4.99188e-24
8.10500e+02	4.50066e-24	8.10500e+02	3.68678e-23	8.10500e+02	2.13790e-28	8.10500e+02	2.13790e-28	8.10500e+02	4.50066e-24
8.10850e+02	3.18421e-24	8.10850e+02	3.65232e-23	8.10850e+02	1.55237e-28	8.10850e+02	1.55237e-28	8.10850e+02	3.18421e-24
8.11200e+02	2.84759e-24	8.11200e+02	3.59374e-23	8.11200e+02	1.42476e-28	8.11200e+02	1.42476e-28	8.11200e+02	2.84759e-24
8.11550e+02	3.17439e-24	8.11550e+02	3.56243e-23	8.11550e+02	1.63001e-28	8.11550e+02	1.63001e-28	8.11550e+02	3.17439e-24
8.11900e+02	3.28437e-24	8.11900e+02	3.63072e-23	8.11900e+02	1.73075e-28	8.11900e+02	1.73075e-28	8.11900e+02	3.28437e-24
8.12250e+02	4.43562e-24	8.12250e+02	3.80059e-23	8.12250e+02	2.39871e-28	8.12250e+02	2.39871e-28	8.12250e+02	4.43562e-24
8.12600e+02	7.48389e-24	8.12600e+02	3.97455e-23	8.12600e+02	4.15322e-28	8.12600e+02	4.15322e-28	8.12600e+02	7.48389e-24
8.12950e+02	1.04822e-23	8.12950e+02	4.04342e-23	8.12950e+02	5.96943e-28	8.12950e+02	5.96943e-28	8.12950e+02	1.04822e-23
8.13300e+02	1.19288e-23	8.13300e+02	3.99649e-23	8.13300e+02	6.97095e-28	8.13300e+02	6.97095e-28	8.13300e+02	1.19288e-23
8.13650e+02	1.19266e-23	8.13650e+02	3.92398e-23	8.13650e+02	7.15179e-28	8.13650e+02	7.15179e-28	8.13650e+02	1.19266e-23
8.14000e+02	1.03034e-23	8.14000e+02	3.91098e-23	8.14000e+02	6.33982e-28	8.14000e+02	6.33982e-28	8.14000e+02	1.03034e-23
8.14350e+02	7.38739e-24	8.14350e+02	3.95162e-23	8.14350e+02	4.66414e-28	8.14350e+02	4.66414e-28	8.14350e+02	7.38739e-24
8.14700e+02	4.74848e-24	8.14700e+02	3.97751e-23	8.14700e+02	3.07617e-28	8.14700e+02	3.07617e-28	8.14700e+02	4.74848e-24
8.15050e+02	2.48600e-24	8.15050e+02	3.94830e-23	8.15050e+02	1.65243e-28	8.15050e+02	1.65243e-28	8.15050e+02	2.48600e-24
8.15400e+02	2.38531e-24	8.15400e+02	3.88754e-23	8.15400e+02	1.62676e-28	8.15400e+02	1.62676e-28	8.15400e+02	2.38531e-24
8.15750e+02	5.52656e-24	8.15750e+02	3.83650e-23	8.15750e+02	3.86705e-28	8.15750e+02	3.86705e-28	8.15750e+02	5.52656e-24
8.16100e+02	7.59864e-24	8.16100e+02	3.80640e-23	8.16100e+02	5.45504e-28	8.16100e+02	5.45504e-28	8.16100e+02	7.59864e-24
8.16450e+02	1.00094e-23	8.16450e+02	3.79219e-23	8.16450e+02	7.37219e-28	8.16450e+02	7.37219e-28	8.16450e+02	1.00094e-23
8.16800e+02	1.25238e-23	8.16800e+02	3.80748e-23	8.16800e+02	9.46332e-28	8.16800e+02	9.46332e-28	8.16800e+02	1.25238e-23
8.17150e+02	1.50851e-23	8.17150e+02	3.87046e-23	8.17150e+02	1.16940e-27	8.17150e+02	1.16940e-27	8.17150e+02	1.50851e-23
8.17500e+02	1.54563e-23	8.17500e+02	3.95487e-23	8.17500e+02	1.22920e-27	8.17500e+02	1.22920e-27	8.17500e+02	1.54563e-23
8.17850e+02	1.61660e-23	8.17850e+02	3.98952e-23	8.17850e+02	1.31889e-27	8.17850e+02	1.31889e-27	8.17850e+02	1.61660e-23
8.18200e+02	1.71993e-23	8.18200e+02	3.93080e-23	8.18200e+02	1.43945e-27	8.18200e+02	1.43945e-27	8.18200e+02	1.71993e-23
8.18550e+02	1.87065e-23	8.18550e+02	3.82211e-23	8.18550e+02	1.60601e-27	8.18550e+02	1.60601e-27	8.18550e+02	1.87065e-23
8.18900e+02	2.14101e-23	8.18900e+02	3.75374e-23	8.18900e+02	1.88554e-27	8.18900e+02	1.88554e-27	8.18900e+02	2.14101e-23
8.19250e+02	2.35808e-23	8.19250e+02	3.76280e-23	8.19250e+02	2.13024e-27	8.19250e+02	2.13024e-27	8.19250e+02	2.35808e-23
8.19600e+02	2.63209e-23	8.19600e+02	3.79711e-23	8.19600e+02	2.43900e-27	8.19600e+02	2.43900e-27	8.19600e+02	2.63209e-23
8.19950e+02	2.72939e-23	8.19950e+02	3.78907e-23	8.19950e+02	2.59424e-27	8.19950e+02	2.59424e-27	8.19950e+02	2.72939e-23
8.20300e+02	2.80154e-23	8.20300e+02	3.74179e-23	8.20300e+02	2.73127e-27	8.20300e+02	2.73127e-27	8.20300e+02	2.80154e-23
8.20650e+02	2.79401e-23	8.20650e+02	3.71384e-23	8.20650e+02	2.79390e-27	8.20650e+02	2.79390e-27	8.20650e+02	2.79401e-23
8.21000e+02	2.75704e-23	8.21000e+02	3.72762e-23	8.21000e+02	2.82768e-27	8.21000e+02	2.82768e-27	8.21000e+02	2.75704e-23
8.21350e+02	2.66610e-23	8.21350e+02	3.73186e-23	8.21350e+02	2.80452e-27	8.21350e+02	2.80452e-27	8.21350e+02	2.66610e-23
8.21700e+02	2.50188e-23	8.21700e+02	3.67633e-23	8.21700e+02	2.69919e-27	8.21700e+02	2.69919e-27	8.21700e+02	2.50188e-23
8.22050e+02	2.50170e-23	8.22050e+02	3.59908e-23	8.22050e+02	2.76809e-27	8.22050e+02	2.76809e-27	8.22050e+02	2.50170e-23
8.22400e+02	2.47558e-23	8.22400e+02	3.59898e-23	8.22400e+02	2.80924e-27	8.22400e+02	2.80924e-27	8.22400e+02	2.47558e-23
8.22750e+02	2.43796e-23	8.22750e+02	3.71493e-23	8.22750e+02	2.83725e-27	8.22750e+02	2.83725e-27	8.22750e+02	2.43796e-23
8.23100e+02	2.45206e-23	8.23100e+02	3.86344e-23	8.23100e+02	2.92650e-27	8.23100e+02	2.92650e-27	8.23100e+02	2.45206e-23
8.23450e+02	2.58608e-23	8.23450e+02	3.92206e-23	8.23450e+02	3.16519e-27	8.23450e+02	3.16519e-27	8.23450e+02	2.58608e-23
8.23800e+02	2.80449e-23	8.23800e+02	3.86308e-23	8.23800e+02	3.52000e-27	8.23800e+02	3.52000e-27	8.23800e+02	2.80449e-23
8.24150e+02	2.83762e-23	8.24150e+02	3.77639e-23	8.24150e+02	3.65227e-27	8.24150e+02	3.65227e-27	8.24150e+02	2.83762e-23
8.24500e+02	2.85023e-23	8.24500e+02	3.75831e-23	8.24500e+02	3.76183e-27	8.24500e+02	3.76183e-27	8.24500e+02	2.85023e-23
8.24850e+02	2.91725e-23	8.24850e+02	3.80674e-23	8.24850e+02	3.94816e-27	8.24850e+02	3.94816e-27	8.24850e+02	2.91725e-23
8.25200e+02	3.18517e-23	8.25200e+02	3.84579e-23	8.25200e+02	4.42026e-27	8.25200e+02	4.42026e-27	8.25200e+02	3.18517e-23
8.25550e+02	3.39245e-23	8.25550e+02	3.83415e-23	8.25550e+02	4.82739e-27	8.25550e+02	4.82739e-27	8.25550e+02	3.39245e-23
8.25900e+02	3.67252e-23	8.25900e+02	3.81242e-23	8.25900e+02	5.35842e-27	8.25900e+02	5.35842e-27	8.25900e+02	3.67252e-23
8.26250e+02	3.97437e-23	8.26250e+02	3.83650e-23	8.26250e+02	5.94575e-27	8.26250e+02	5.94575e-27	8.26250e+02	3.97437e-23
8.26600e+02	4.13706e-23	8.26600e+02	3.89549e-23	8.26600e+02	6.34579e-27	8.26600e+02	6.34579e-27	8.26600e+02	4.13706e-23
8.26950e+02	4.16989e-23	8.26950e+02	3.92485e-23	8.26950e+02	6.55792e-27	8.26950e+02	6.55792e-27	8.26950e+02	4.16989e-23
8.27300e+02	4.09768e-23	8.27300e+02	3.89224e-23	8.27300e+02	6.60720e-27	8.27300e+02	6.60720e-27	8.27300e+02	4.09768e-23
8.27650e+02	4.08571e-23	8.27650e+02	3.83854e-23	8.27650e+02	6.75422e-27	8.27650e+02	6.75422e-27	8.27650e+02	4.08571e-23
8.28000e+02	4.15436e-23	8.28000e+02	3.82200e-23	8.28000e+02	7.04094e-27	8.28000e+02	7.04094e-27	8.28000e+02	4.15436e-23
8.28350e+02	4.21569e-23	8.28350e+02	3.84443e-23	8.28350e+02	7.32498e-27	8.28350e+02	7.32498e-27	8.28350e+02	4.21569e-23
8.28700e+02	4.32968e-23	8.28700e+02	3.85690e-23	8.28700e+02	7.71249e-27	8.28700e+02	7.71249e-27	8.28700e+02	4.32968e-23
8.29050e+02	4.53727e-23	8.29050e+02	3.83206e-23	8.29050e+02	8.28562e-27	8.29050e+02	8.28562e-27	8.29050e+02	4.53727e-23
8.29400e+02	4.62968e-23	8.29400e+02	3.80244e-23	8.29400e+02	8.66691e-27	8.29400e+02	8.66691e-27	8.29400e+02	4.62968e-23
8.29750e+02	4.70271e-23	8.29750e+02	3.81499e-23	8.29750e+02	9.02474e-27	8.29750e+02	9.02474e-27	8.29750e+02	4.70271e-23
8.30100e+02	4.85391e-23	8.30100e+02	3.86517e-23	8.30100e+02	9.54867e-27	8.30100e+02	9.54867e-27	8.30100e+02	4.85391e-23
8.30450e+02	5.18742e-23	8.30450e+02	3.89751e-23	8.30450e+02	1.04606e-26	8.30450e+02	1.04606e-26	8.30450e+02	5.18742e-23
8.30800e+02	5.32433e-23	8.30800e+02	3.86809e-23	8.30800e+02	1.10057e-26	8.30800e+02	1.10057e-26	8.30800e+02	5.32433e-23
8.31150e+02	5.30712e-23	8.31150e+02	3.78621e-23	8.31150e+02	1.12448e-26	8.31150e+02	1.12448e-26	8.31150e+02	5.30712e-23
8.31500e+02	5.22206e-23	8.31500e+02	3.68948e-23	8.31500e+02	1.13413e-26	8.31500e+02	1.13413e-26	8.31500e+02	5.22206e-23
8.31850e+02	5.39947e-23	8.31850e+02	3.59811e-23	8.31850e+02	1.20196e-26	8.31850e+02	1.20196e-26	8.31850e+02	5.39947e-23
8.32200e+02	5.63749e-23	8.32200e+02	3.51400e-23	8.32200e+02	1.28628e-26	8.32200e+02	1.28628e-26	8.32200e+02	5.63749e-23
8.32550e+02	5.80663e-23	8.32550e+02	3.45635e-23	8.32550e+02	1.35792e-26	8.32550e+02	1.35792e-26	8.32550e+02	5.80663e-23
8.32900e+02	6.19174e-23	8.32900e+02	3.46872e-23	8.32900e+02	1.48407e-26	8.32900e+02	1.48407e-26	8.32900e+02	6.19174e-23
8.33250e+02	6.72990e-23	8.33250e+02	3.57303e-23	8.33250e+02	1.65324e-26	8.33250e+02	1.65324e-26	8.33250e+02	6.72990e-23
8.33600e+02	7.11519e-23	8.33600e+02	3.72686e-23	8.33600e+02	1.79138e-26	8.33600e+02	1.79138e-26	8.33600e+02	7.11519e-23
8.33950e+02	7.18443e-23	8.33950e+02	3.84609e-23	8.33950e+02	1.85378e-26	8.33950e+02	1.85378e-26	8.33950e+02	7.18443e-23
8.34300e+02	7.09187e-23	8.34300e+02	3.87497e-23	8.34300e+02	1.87536e-26	8.34300e+02	1.87536e-26	8.34300e+02	7.09187e-23
8.34650e+02	6.97450e-23	8.34650e+02	3.82591e-23	8.34650e+02	1.89010e-26	8.34650e+02	1.89010e-26	8.34650e+02	6.97450e-23
8.35000e+02	6.98684e-23	8.35000e+02	3.75033e-23	8.35000e+02	1.94040e-26	8.35000e+02	1.94040e-26	8.35000e+02	6.98684e-23
8.35350e+02	6.85476e-23	8.35350e+02	3.68554e-23	8.35350e+02	1.95089e-26	8.35350e+02	1.95089e-26	8.35350e+02	6.85476e-23
8.35700e+02	6.65642e-23	8.35700e+02	3.64138e-23	8.35700e+02	1.94134e-26	8.35700e+02	1.94134e-26	8.35700e+02	6.65642e-23
8.36050e+02	6.53163e-23	8.36050e+02	3.62609e-23	8.36050e+02	1.95206e-26	8.36050e+02	1.95206e-26	8.36050e+02	6.53163e-23
8.36400e+02	6.36325e-23	8.36400e+02	3.65710e-23	8.36400e+02	1.94874e-26	8.36400e+02	1.94874e-26	8.36400e+02	6.36325e-23
8.36750e+02	6.07949e-23	8.36750e+02	3.73228e-23	8.36750e+02	1.90782e-26	8.36750e+02	1.90782e-26	8.36750e+02	6.07949e-23
8.37100e+02	5.98779e-23	8.37100e+02	3.80429e-23	8.37100e+02	1.92540e-26	8.37100e+02	1.92540e-26	8.37100e+02	5.98779e-23
8.37450e+02	6.15952e-23	8.37450e+02	3.80852e-23	8.37450e+02	2.02945e-26	8.37450e+02	2.02945e-26	8.37450e+02	6.15952e-23
8.37800e+02	6.43805e-23	8.37800e+02	3.72683e-23	8.37800e+02	2.17347e-26	8.37800e+02	2.17347e-26	8.37800e+02	6.43805e-23
8.38150e+02	6.81019e-23	8.38150e+02	3.61526e-23	8.38150e+02	2.35569e-26	8.38150e+02	2.35569e-26	8.38150e+02	6.81019e-23
8.38500e+02	7.06724e-23	8.38500e+02	3.55747e-23	8.38500e+02	2.50471e-26	8.38500e+02	2.50471e-26	8.38500e+02	7.06724e-23
8.38850e+02	7.13618e-23	8.38850e+02	3.58957e-23	8.38850e+02	2.59129e-26	8.38850e+02	2.59129e-26	8.38850e+02	7.13618e-23
8.39200e+02	7.23512e-23	8.39200e+02	3.67354e-23	8.39200e+02	2.69171e-26	8.39200e+02	2.69171e-26	8.39200e+02	7.23512e-23
8.39550e+02	7.34855e-23	8.39550e+02	3.74069e-23	8.39550e+02	2.80096e-26	8.39550e+02	2.80096e-26	8.39550e+02	7.34855e-23
8.39900e+02	7.51916e-23	8.39900e+02	3.75312e-23	8.39900e+02	2.93623e-26	8.39900e+02	2.93623e-26	8.39900e+02	7.51916e-23
8.40250e+02	7.55727e-23	8.40250e+02	3.72329e-23	8.40250e+02	3.02337e-26	8.40250e+02	3.02337e-26	8.40250e+02	7.55727e-23
8.40600e+02	7.57369e-23	8.40600e+02	3.68733e-23	8.40600e+02	3.10407e-26	8.40600e+02	3.10407e-26	8.40600e+02	7.57369e-23
8.40950e+02	7.74573e-23	8.40950e+02	3.67309e-23	8.40950e+02	3.25218e-26	8.40950e+02	3.25218e-26	8.40950e+02	7.74573e-23
8.41300e+02	7.88648e-23	8.41300e+02	3.69208e-23	8.41300e+02	3.39216e-26	8.41300e+02	3.39216e-26	8.41300e+02	7.88648e-23
8.41650e+02	7.83005e-23	8.41650e+02	3.74463e-23	8.41650e+02	3.45007e-26	8.41650e+02	3.45007e-26	8.41650e+02	7.83005e-23
8.42000e+02	7.64360e-23	8.42000e+02	3.81682e-23	8.42000e+02	3.45004e-26	8.42000e+02	3.45004e-26	8.42000e+02	7.64360e-23
8.42350e+02	7.42458e-23	8.42350e+02	3.87377e-23	8.42350e+02	3.43283e-26	8.42350e+02	3.43283e-26	8.42350e+02	7.42458e-23
8.42700e+02	7.08356e-23	8.42700e+02	3.87299e-23	8.42700e+02	3.35488e-26	8.42700e+02	3.35488e-26	8.42700e+02	7.08356e-23
8.43050e+02	6.62199e-23	8.43050e+02	3.80195e-23	8.43050e+02	3.21255e-26	8.43050e+02	3.21255e-26	8.43050e+02	6.62199e-23
8.43400e+02	6.00216e-23	8.43400e+02	3.70604e-23	8.43400e+02	2.98261e-26	8.43400e+02	2.98261e-26	8.43400e+02	6.00216e-23
8.43750e+02	5.66055e-23	8.43750e+02	3.66706e-23	8.43750e+02	2.88116e-26	8.43750e+02	2.88116e-26	8.43750e+02	5.66055e-23
8.44100e+02	5.84051e-23	8.44100e+02	3.73564e-23	8.44100e+02	3.04488e-26	8.44100e+02	3.04488e-26	8.44100e+02	5.84051e-23
8.44450e+02	6.21433e-23	8.44450e+02	3.87423e-23	8.44450e+02	3.31829e-26	8.44450e+02	3.31829e-26	8.44450e+02	6.21433e-23
8.44800e+02	6.64472e-23	8.44800e+02	3.97239e-23	8.44800e+02	3.63405e-26	8.44800e+02	3.63405e-26	8.44800e+02	6.64472e-23
8.45150e+02	7.05273e-23	8.45150e+02	3.93623e-23	8.45150e+02	3.95053e-26	8.45150e+02	3.95053e-26	8.45150e+02	7.05273e-23
8.45500e+02	7.18448e-23	8.45500e+02	3.77848e-23	8.45500e+02	4.12164e-26	8.45500e+02	4.12164e-26	8.45500e+02	7.18448e-23
8.45850e+02	7.05492e-23	8.45850e+02	3.62065e-23	8.45850e+02	4.14509e-26	8.45850e+02	4.14509e-26	8.45850e+02	7.05492e-23
8.46200e+02	6.76987e-23	8.46200e+02	3.59292e-23	8.46200e+02	4.07363e-26	8.46200e+02	4.07363e-26	8.46200e+02	6.76987e-23
8.46550e+02	6.54595e-23	8.46550e+02	3.71855e-23	8.46550e+02	4.03389e-26	8.46550e+02	4.03389e-26	8.46550e+02	6.54595e-23
8.46900e+02	6.45802e-23	8.46900e+02	3.89479e-23	8.46900e+02	4.07561e-26	8.46900e+02	4.07561e-26	8.46900e+02	6.45802e-23
8.47250e+02	6.50469e-23	8.47250e+02	3.99326e-23	8.47250e+02	4.20390e-26	8.47250e+02	4.20390e-26	8.47250e+02	6.50469e-23
8.47600e+02	6.65532e-23	8.47600e+02	3.98131e-23	8.47600e+02	4.40474e-26	8.47600e+02	4.40474e-26	8.47600e+02	6.65532e-23
8.47950e+02	6.93529e-23	8.47950e+02	3.94186e-23	8.47950e+02	4.70037e-26	8.47950e+02	4.70037e-26	8.47950e+02	6.93529e-23
8.48300e+02	7.24823e-23	8.48300e+02	3.97477e-23	8.48300e+02	5.03045e-26	8.48300e+02	5.03045e-26	8.48300e+02	7.24823e-23
8.48650e+02	7.45544e-23	8.48650e+02	4.08857e-23	8.48650e+02	5.29843e-26	8.48650e+02	5.29843e-26	8.48650e+02	7.45544e-23
8.49000e+02	7.40020e-23	8.49000e+02	4.19627e-23	8.49000e+02	5.38528e-26	8.49000e+02	5.38528e-26	8.49000e+02	7.40020e-23
8.49350e+02	7.30464e-23	8.49350e+02	4.20990e-23	8.49350e+02	5.44309e-26	8.49350e+02	5.44309e-26	8.49350e+02	7.30464e-23
8.49700e+02	7.20284e-23	8.49700e+02	4.12293e-23	8.49700e+02	5.49572e-26	8.49700e+02	5.49572e-26	8.49700e+02	7.20284e-23
8.50050e+02	7.04431e-23	8.50050e+02	3.99779e-23	8.50050e+02	5.50332e-26	8.50050e+02	5.50332e-26	8.50050e+02	7.04431e-23
8.50400e+02	6.98050e-23	8.50400e+02	3.89382e-23	8.50400e+02	5.58379e-26	8.50400e+02	5.58379e-26	8.50400e+02	6.98050e-23
8.50750e+02	7.02656e-23	8.50750e+02	3.82952e-23	8.50750e+02	5.75485e-26	8.50750e+02	5.75485e-26	8.50750e+02	7.02656e-23
8.51100e+02	7.22242e-23	8.51100e+02	3.80803e-23	8.51100e+02	6.05639e-26	8.51100e+02	6.05639e-26	8.51100e+02	7.22242e-23
8.51450e+02	7.52468e-23	8.51450e+02	3.84398e-23	8.51450e+02	6.46027e-26	8.51450e+02	6.46027e-26	8.51450e+02	7.52468e-23
8.51800e+02	7.78386e-23	8.51800e+02	3.93881e-23	8.51800e+02	6.84196e-26	8.51800e+02	6.84196e-26	8.51800e+02	7.78386e-23
8.52150e+02	7.84028e-23	8.52150e+02	4.04298e-23	8.52150e+02	7.05557e-26	8.52150e+02	7.05557e-26	8.52150e+02	7.84028e-23
8.52500e+02	7.83363e-23	8.52500e+02	4.07992e-23	8.52500e+02	7.21722e-26	8.52500e+02	7.21722e-26	8.52500e+02	7.83363e-23
8.52850e+02	7.74517e-23	8.52850e+02	4.02574e-23	8.52850e+02	7.30525e-26	8.52850e+02	7.30525e-26	8.52850e+02	7.74517e-23
8.53200e+02	7.71050e-23	8.53200e+02	3.94629e-23	8.53200e+02	7.44521e-26	8.53200e+02	7.44521e-26	8.53200e+02	7.71050e-23
8.53550e+02	7.64709e-23	8.53550e+02	3.92959e-23	8.53550e+02	7.55912e-26	8.53550e+02	7.55912e-26	8.53550e+02	7.64709e-23
8.53900e+02	7.56909e-23	8.53900e+02	3.98513e-23	8.53900e+02	7.65934e-26	8.53900e+02	7.65934e-26	8.53900e+02	7.56909e-23
8.54250e+02	7.58752e-23	8.54250e+02	4.03779e-23	8.54250e+02	7.85981e-26	8.54250e+02	7.85981e-26	8.54250e+02	7.58752e-23
8.54600e+02	7.65400e-23	8.54600e+02	4.03159e-23	8.54600e+02	8.11628e-26	8.54600e+02	8.11628e-26	8.54600e+02	7.65400e-23
8.54950e+02	7.77851e-23	8.54950e+02	4.01087e-23	8.54950e+02	8.44332e-26	8.54950e+02	8.44332e-26	8.54950e+02	7.77851e-23
8.55300e+02	7.94411e-23	8.55300e+02	4.06361e-23	8.55300e+02	8.82676e-26	8.55300e+02	8.82676e-26	8.55300e+02	7.94411e-23
8.55650e+02	8.03496e-23	8.55650e+02	4.18886e-23	8.55650e+02	9.13842e-26	8.55650e+02	9.13842e-26	8.55650e+02	8.03496e-23
8.56000e+02	7.97963e-23	8.56000e+02	4.26513e-23	8.56000e+02	9.28952e-26	8.56000e+02	9.28952e-26	8.56000e+02	7.97963e-23
8.56350e+02	8.06388e-23	8.56350e+02	4.18477e-23	8.56350e+02	9.60880e-26	8.56350e+02	9.60880e-26	8.56350e+02	8.06388e-23
8.56700e+02	8.25328e-23	8.56700e+02	4.00346e-23	8.56700e+02	1.00660e-25	8.56700e+02	1.00660e-25	8.56700e+02	8.25328e-23
8.57050e+02	8.35059e-23	8.57050e+02	3.91007e-23	8.57050e+02	1.04243e-25	8.57050e+02	1.04243e-25	8.57050e+02	8.35059e-23
8.57400e+02	8.40676e-23	8.57400e+02	4.02560e-23	8.57400e+02	1.07411e-25	8.57400e+02	1.07411e-25	8.57400e+02	8.40676e-23
8.57750e+02	8.31747e-23	8.57750e+02	4.25584e-23	8.57750e+02	1.08766e-25	8.57750e+02	1.08766e-25	8.57750e+02	8.31747e-23
8.58100e+02	8.17800e-23	8.58100e+02	4.37877e-23	8.58100e+02	1.09452e-25	8.58100e+02	1.09452e-25	8.58100e+02	8.17800e-23
8.58450e+02	8.20388e-23	8.58450e+02	4.28093e-23	8.58450e+02	1.12372e-25	8.58450e+02	1.12372e-25	8.58450e+02	8.20388e-23
8.58800e+02	8.25816e-23	8.58800e+02	4.08017e-23	8.58800e+02	1.15766e-25	8.58800e+02	1.15766e-25	8.58800e+02	8.25816e-23
8.59150e+02	8.49249e-23	8.59150e+02	3.99793e-23	8.59150e+02	1.21838e-25	8.59150e+02	1.21838e-25	8.59150e+02	8.49249e-23
8.59500e+02	9.07706e-23	8.59500e+02	4.12613e-23	8.59500e+02	1.33270e-25	8.59500e+02	1.33270e-25	8.59500e+02	9.07706e-23
8.59850e+02	9.89652e-23	8.59850e+02	4.34436e-23	8.59850e+02	1.48697e-25	8.59850e+02	1.48697e-25	8.59850e+02	9.89652e-23
8.60200e+02	1.05190e-22	8.60200e+02	4.46298e-23	8.60200e+02	1.61740e-25	8.60200e+02	1.61740e-25	8.60200e+02	1.05190e-22
8.60550e+02	1.11666e-22	8.60550e+02	4.41917e-23	8.60550e+02	1.75704e-25	8.60550e+02	1.75704e-25	8.60550e+02	1.11666e-22
8.60900e+02	1.13204e-22	8.60900e+02	4.31731e-23	8.60900e+02	1.82277e-25	8.60900e+02	1.82277e-25	8.60900e+02	1.13204e-22
8.61250e+02	1.11946e-22	8.61250e+02	4.29782e-23	8.61250e+02	1.84450e-25	8.61250e+02	1.84450e-25	8.61250e+02	1.11946e-22
8.61600e+02	1.10380e-22	8.61600e+02	4.39734e-23	8.61600e+02	1.86102e-25	8.61600e+02	1.86102e-25	8.61600e+02	1.10380e-22
8.61950e+02	1.07599e-22	8.61950e+02	4.53901e-23	8.61950e+02	1.85632e-25	8.61950e+02	1.85632e-25	8.61950e+02	1.07599e-22
8.62300e+02	1.06044e-22	8.62300e+02	4.62920e-23	8.62300e+02	1.87200e-25	8.62300e+02	1.87200e-25	8.62300e+02	1.06044e-22
8.62650e+02	1.04843e-22	8.62650e+02	4.64067e-23	8.62650e+02	1.89376e-25	8.62650e+02	1.89376e-25	8.62650e+02	1.04843e-22
8.63000e+02	1.02520e-22	8.63000e+02	4.61366e-23	8.63000e+02	1.89476e-25	8.63000e+02	1.89476e-25	8.63000e+02	1.02520e-22
8.63350e+02	1.00173e-22	8.63350e+02	4.60602e-23	8.63350e+02	1.89430e-25	8.63350e+02	1.89430e-25	8.63350e+02	1.00173e-22
8.63700e+02	1.01197e-22	8.63700e+02	4.65026e-23	8.63700e+02	1.95798e-25	8.63700e+02	1.95798e-25	8.63700e+02	1.01197e-22
8.64050e+02	9.83336e-23	8.64050e+02	4.73616e-23	8.64050e+02	1.94661e-25	8.64050e+02	1.94661e-25	8.64050e+02	9.83336e-23
8.64400e+02	9.68909e-23	8.64400e+02	4.81341e-23	8.64400e+02	1.96239e-25	8.64400e+02	1.96239e-25	8.64400e+02	9.68909e-23
8.64750e+02	9.51205e-23	8.64750e+02	4.82000e-23	8.64750e+02	1.97105e-25	8.64750e+02	1.97105e-25	8.64750e+02	9.51205e-23
8.65100e+02	9.35295e-23	8.65100e+02	4.73552e-23	8.65100e+02	1.98282e-25	8.65100e+02	1.98282e-25	8.65100e+02	9.35295e-23
8.65450e+02	9.22371e-23	8.65450e+02	4.61583e-23	8.65450e+02	2.00052e-25	8.65450e+02	2.00052e-25	8.65450e+02	9.22371e-23
8.65800e+02	9.14654e-23	8.65800e+02	4.55561e-23	8.65800e+02	2.02950e-25	8.65800e+02	2.02950e-25	8.65800e+02	9.14654e-23
8.66150e+02	9.17528e-23	8.66150e+02	4.59498e-23	8.66150e+02	2.08275e-25	8.66150e+02	2.08275e-25	8.66150e+02	9.17528e-23
8.66500e+02	9.41657e-23	8.66500e+02	4.66835e-23	8.66500e+02	2.18671e-25	8.66500e+02	2.18671e-25	8.66500e+02	9.41657e-23
8.66850e+02	9.86235e-23	8.66850e+02	4.66911e-23	8.66850e+02	2.34288e-25	8.66850e+02	2.34288e-25	8.66850e+02	9.86235e-23
8.67200e+02	9.98030e-23	8.67200e+02	4.57412e-23	8.67200e+02	2.42536e-25	8.67200e+02	2.42536e-25	8.67200e+02	9.98030e-23
8.67550e+02	1.01371e-22	8.67550e+02	4.48578e-23	8.67550e+02	2.52000e-25	8.67550e+02	2.52000e-25	8.67550e+02	1.01371e-22
8.67900e+02	1.02684e-22	8.67900e+02	4.52897e-23	8.67900e+02	2.61117e-25	8.67900e+02	2.61117e-25	8.67900e+02	1.02684e-22
8.68250e+02	1.04439e-22	8.68250e+02	4.70831e-23	8.68250e+02	2.71667e-25	8.68250e+02	2.71667e-25	8.68250e+02	1.04439e-22
8.68600e+02	1.05375e-22	8.68600e+02	4.88920e-23	8.68600e+02	2.80376e-25	8.68600e+02	2.80376e-25	8.68600e+02	1.05375e-22
8.68950e+02	1.06724e-22	8.68950e+02	4.93184e-23	8.68950e+02	2.90462e-25	8.68950e+02	2.90462e-25	8.68950e+02	1.06724e-22
8.69300e+02	1.08045e-22	8.69300e+02	4.83137e-23	8.69300e+02	3.00779e-25	8.69300e+02	3.00779e-25	8.69300e+02	1.08045e-22
8.69650e+02	1.09656e-22	8.69650e+02	4.70861e-23	8.69650e+02	3.12237e-25	8.69650e+02	3.12237e-25	8.69650e+02	1.09656e-22
8.70000e+02	1.10341e-22	8.70000e+02	4.66865e-23	8.70000e+02	3.21357e-25	8.70000e+02	3.21357e-25	8.70000e+02	1.10341e-22
8.70350e+02	1.07481e-22	8.70350e+02	4.69490e-23	8.70350e+02	3.20167e-25	8.70350e+02	3.20167e-25	8.70350e+02	1.07481e-22
8.70700e+02	1.04119e-22	8.70700e+02	4.69786e-23	8.70700e+02	3.17217e-25	8.70700e+02	3.17217e-25	8.70700e+02	1.04119e-22
8.71050e+02	1.00390e-22	8.71050e+02	4.65053e-23	8.71050e+02	3.12820e-25	8.71050e+02	3.12820e-25	8.71050e+02	1.00390e-22
8.71400e+02	9.67957e-23	8.71400e+02	4.64116e-23	8.71400e+02	3.08481e-25	8.71400e+02	3.08481e-25	8.71400e+02	9.67957e-23
8.71750e+02	9.35954e-23	8.71750e+02	4.77560e-23	8.71750e+02	3.05061e-25	8.71750e+02	3.05061e-25	8.71750e+02	9.35954e-23
8.72100e+02	9.06062e-23	8.72100e+02	5.04250e-23	8.72100e+02	3.02025e-25	8.72100e+02	3.02025e-25	8.72100e+02	9.06062e-23
8.72450e+02	8.82300e-23	8.72450e+02	5.30009e-23	8.72450e+02	3.00778e-25	8.72450e+02	3.00778e-25	8.72450e+02	8.82300e-23
8.72800e+02	8.72881e-23	8.72800e+02	5.40489e-23	8.72800e+02	3.04314e-25	8.72800e+02	3.04314e-25	8.72800e+02	8.72881e-23
8.73150e+02	8.67309e-23	8.73150e+02	5.34394e-23	8.73150e+02	3.09221e-25	8.73150e+02	3.09221e-25	8.73150e+02	8.67309e-23
8.73500e+02	8.90012e-23	8.73500e+02	5.23284e-23	8.73500e+02	3.24499e-25	8.73500e+02	3.24499e-25	8.73500e+02	8.90012e-23
8.73850e+02	9.30965e-23	8.73850e+02	5.19226e-23	8.73850e+02	3.47108e-25	8.73850e+02	3.47108e-25	8.73850e+02	9.30965e-23
8.74200e+02	9.82117e-23	8.74200e+02	5.24032e-23	8.74200e+02	3.74455e-25	8.74200e+02	3.74455e-25	8.74200e+02	9.82117e-23
8.74550e+02	1.03033e-22	8.74550e+02	5.30476e-23	8.74550e+02	4.01708e-25	8.74550e+02	4.01708e-25	8.74550e+02	1.03033e-22
8.74900e+02	1.07615e-22	8.74900e+02	5.32005e-23	8.74900e+02	4.29039e-25	8.74900e+02	4.29039e-25	8.74900e+02	1.07615e-22
8.75250e+02	1.11973e-22	8.75250e+02	5.29282e-23	8.75250e+02	4.56478e-25	8.75250e+02	4.56478e-25	8.75250e+02	1.11973e-22
8.75600e+02	1.14370e-22	8.75600e+02	5.27439e-23	8.75600e+02	4.76756e-25	8.75600e+02	4.76756e-25	8.75600e+02	1.14370e-22
8.75950e+02	1.14061e-22	8.75950e+02	5.29179e-23	8.75950e+02	4.86170e-25	8.75950e+02	4.86170e-25	8.75950e+02	1.14061e-22
8.76300e+02	1.13407e-22	8.76300e+02	5.32465e-23	8.76300e+02	4.94254e-25	8.76300e+02	4.94254e-25	8.76300e+02	1.13407e-22
8.76650e+02	1.15552e-22	8.76650e+02	5.34475e-23	8.76650e+02	5.14917e-25	8.76650e+02	5.14917e-25	8.76650e+02	1.15552e-22
8.77000e+02	1.17127e-22	8.77000e+02	5.35494e-23	8.77000e+02	5.33655e-25	8.77000e+02	5.33655e-25	8.77000e+02	1.17127e-22
8.77350e+02	1.18914e-22	8.77350e+02	5.37335e-23	8.77350e+02	5.53953e-25	8.77350e+02	5.53953e-25	8.77350e+02	1.18914e-22
8.77700e+02	1.20177e-22	8.77700e+02	5.38925e-23	8.77700e+02	5.72386e-25	8.77700e+02	5.72386e-25	8.77700e+02	1.20177e-22
8.78050e+02	1.22773e-22	8.78050e+02	5.36173e-23	8.78050e+02	5.97850e-25	8.78050e+02	5.97850e-25	8.78050e+02	1.22773e-22
8.78400e+02	1.25216e-22	8.78400e+02	5.27881e-23	8.78400e+02	6.23394e-25	8.78400e+02	6.23394e-25	8.78400e+02	1.25216e-22
8.78750e+02	1.25526e-22	8.78750e+02	5.20673e-23	8.78750e+02	6.38916e-25	8.78750e+02	6.38916e-25	8.78750e+02	1.25526e-22
8.79100e+02	1.25483e-22	8.79100e+02	5.25190e-23	8.79100e+02	6.52967e-25	8.79100e+02	6.52967e-25	8.79100e+02	1.25483e-22
8.79450e+02	1.25622e-22	8.79450e+02	5.45356e-23	8.79450e+02	6.68289e-25	8.79450e+02	6.68289e-25	8.79450e+02	1.25622e-22
8.79800e+02	1.26732e-22	8.79800e+02	5.71913e-23	8.79800e+02	6.89230e-25	8.79800e+02	6.89230e-25	8.79800e+02	1.26732e-22
8.80150e+02	1.27266e-22	8.80150e+02	5.88695e-23	8.80150e+02	7.07563e-25	8.80150e+02	7.07563e-25	8.80150e+02	1.27266e-22
8.80500e+02	1.28227e-22	8.80500e+02	5.86981e-23	8.80500e+02	7.28788e-25	8.80500e+02	7.28788e-25	8.80500e+02	1.28227e-22
8.80850e+02	1.30364e-22	8.80850e+02	5.73808e-23	8.80850e+02	7.57426e-25	8.80850e+02	7.57426e-25	8.80850e+02	1.30364e-22
8.81200e+02	1.33038e-22	8.81200e+02	5.65453e-23	8.81200e+02	7.90148e-25	8.81200e+02	7.90148e-25	8.81200e+02	1.33038e-22
8.81550e+02	1.33818e-22	8.81550e+02	5.72367e-23	8.81550e+02	8.12440e-25	8.81550e+02	8.12440e-25	8.81550e+02	1.33818e-22
8.81900e+02	1.34319e-22	8.81900e+02	5.90466e-23	8.81900e+02	8.33590e-25	8.81900e+02	8.33590e-25	8.81900e+02	1.34319e-22
8.82250e+02	1.35441e-22	8.82250e+02	6.06614e-23	8.82250e+02	8.59204e-25	8.82250e+02	8.59204e-25	8.82250e+02	1.35441e-22
8.82600e+02	1.36096e-22	8.82600e+02	6.11557e-23	8.82600e+02	8.82494e-25	8.82600e+02	8.82494e-25	8.82600e+02	1.36096e-22
8.82950e+02	1.36342e-22	8.82950e+02	6.07059e-23	8.82950e+02	9.03673e-25	8.82950e+02	9.03673e-25	8.82950e+02	1.36342e-22
8.83300e+02	1.35836e-22	8.83300e+02	6.01673e-23	8.83300e+02	9.20246e-25	8.83300e+02	9.20246e-25	8.83300e+02	1.35836e-22
8.83650e+02	1.36320e-22	8.83650e+02	6.01552e-23	8.83650e+02	9.43947e-25	8.83650e+02	9.43947e-25	8.83650e+02	1.36320e-22
8.84000e+02	1.37435e-22	8.84000e+02	6.06057e-23	8.84000e+02	9.72693e-25	8.84000e+02	9.72693e-25	8.84000e+02	1.37435e-22
8.84350e+02	1.37884e-22	8.84350e+02	6.10808e-23	8.84350e+02	9.97418e-25	8.84350e+02	9.97418e-25	8.84350e+02	1.37884e-22
8.84700e+02	1.38707e-22	8.84700e+02	6.12823e-23	8.84700e+02	1.02550e-24	8.84700e+02	1.02550e-24	8.84700e+02	1.38707e-22
8.85050e+02	1.40940e-22	8.85050e+02	6.12071e-23	8.85050e+02	1.06498e-24	8.85050e+02	1.06498e-24	8.85050e+02	1.40940e-22
8.85400e+02	1.42805e-22	8.85400e+02	6.09385e-23	8.85400e+02	1.10284e-24	8.85400e+02	1.10284e-24	8.85400e+02	1.42805e-22
8.85750e+02	1.44965e-22	8.85750e+02	6.04590e-23	8.85750e+02	1.14416e-24	8.85750e+02	1.14416e-24	8.85750e+02	1.44965e-22
8.86100e+02	1.47086e-22	8.86100e+02	5.97209e-23	8.86100e+02	1.18644e-24	8.86100e+02	1.18644e-24	8.86100e+02	1.47086e-22
8.86450e+02	1.49859e-22	8.86450e+02	5.88537e-23	8.86450e+02	1.23536e-24	8.86450e+02	1.23536e-24	8.86450e+02	1.49859e-22
8.86800e+02	1.53431e-22	8.86800e+02	5.82527e-23	8.86800e+02	1.29258e-24	8.86800e+02	1.29258e-24	8.86800e+02	1.53431e-22
8.87150e+02	1.57151e-22	8.87150e+02	5.84217e-23	8.87150e+02	1.35296e-24	8.87150e+02	1.35296e-24	8.87150e+02	1.57151e-22
8.87500e+02	1.60529e-22	8.87500e+02	5.96266e-23	8.87500e+02	1.41234e-24	8.87500e+02	1.41234e-24	8.87500e+02	1.60529e-22
8.87850e+02	1.64239e-22	8.87850e+02	6.15623e-23	8.87850e+02	1.47663e-24	8.87850e+02	1.47663e-24	8.87850e+02	1.64239e-22
8.88200e+02	1.66958e-22	8.88200e+02	6.33431e-23	8.88200e+02	1.53393e-24	8.88200e+02	1.53393e-24	8.88200e+02	1.66958e-22
8.88550e+02	1.68171e-22	8.88550e+02	6.40196e-23	8.88550e+02	1.57885e-24	8.88550e+02	1.57885e-24	8.88550e+02	1.68171e-22
8.88900e+02	1.69925e-22	8.88900e+02	6.33646e-23	8.88900e+02	1.63018e-24	8.88900e+02	1.63018e-24	8.88900e+02	1.69925e-22
8.89250e+02	1.71567e-22	8.89250e+02	6.21995e-23	8.89250e+02	1.68187e-24	8.89250e+02	1.68187e-24	8.89250e+02	1.71567e-22
8.89600e+02	1.72930e-22	8.89600e+02	6.17321e-23	8.89600e+02	1.73221e-24	8.89600e+02	1.73221e-24	8.89600e+02	1.72930e-22
8.89950e+02	1.74736e-22	8.89950e+02	6.23661e-23	8.89950e+02	1.78846e-24	8.89950e+02	1.78846e-24	8.89950e+02	1.74736e-22
8.90300e+02	1.77500e-22	8.90300e+02	6.32168e-23	8.90300e+02	1.85632e-24	8.90300e+02	1.85632e-24	8.90300e+02	1.77500e-22
8.90650e+02	1.81547e-22	8.90650e+02	6.30460e-23	8.90650e+02	1.93997e-24	8.90650e+02	1.93997e-24	8.90650e+02	1.81547e-22
8.91000e+02	1.85681e-22	8.91000e+02	6.17614e-23	8.91000e+02	2.02728e-24	8.91000e+02	2.02728e-24	8.91000e+02	1.85681e-22
8.91350e+02	1.89087e-22	8.91350e+02	6.07764e-23	8.91350e+02	2.10933e-24	8.91350e+02	2.10933e-24	8.91350e+02	1.89087e-22
8.91700e+02	1.92001e-22	8.91700e+02	6.16128e-23	8.91700e+02	2.18835e-24	8.91700e+02	2.18835e-24	8.91700e+02	1.92001e-22
8.92050e+02	1.93954e-22	8.92050e+02	6.41619e-23	8.92050e+02	2.25857e-24	8.92050e+02	2.25857e-24	8.92050e+02	1.93954e-22
8.92400e+02	1.95599e-22	8.92400e+02	6.66195e-23	8.92400e+02	2.32710e-24	8.92400e+02	2.32710e-24	8.92400e+02	1.95599e-22
8.92750e+02	1.96103e-22	8.92750e+02	6.73360e-23	8.92750e+02	2.38362e-24	8.92750e+02	2.38362e-24	8.92750e+02	1.96103e-22
8.93100e+02	1.97593e-22	8.93100e+02	6.65824e-23	8.93100e+02	2.45372e-24	8.93100e+02	2.45372e-24	8.93100e+02	1.97593e-22
8.93450e+02	2.00530e-22	8.93450e+02	6.61966e-23	8.93450e+02	2.54405e-24	8.93450e+02	2.54405e-24	8.93450e+02	2.00530e-22
8.93800e+02	2.05156e-22	8.93800e+02	6.74572e-23	8.93800e+02	2.65897e-24	8.93800e+02	2.65897e-24	8.93800e+02	2.05156e-22
8.94150e+02	2.10019e-22	8.94150e+02	6.96062e-23	8.94150e+02	2.78077e-24	8.94150e+02	2.78077e-24	8.94150e+02	2.10019e-22
8.94500e+02	2.15180e-22	8.94500e+02	7.07213e-23	8.94500e+02	2.91058e-24	8.94500e+02	2.91058e-24	8.94500e+02	2.15180e-22
8.94850e+02	2.20981e-22	8.94850e+02	6.99094e-23	8.94850e+02	3.05349e-24	8.94850e+02	3.05349e-24	8.94850e+02	2.20981e-22
8.95200e+02	2.26278e-22	8.95200e+02	6.82789e-23	8.95200e+02	3.19403e-24	8.95200e+02	3.19403e-24	8.95200e+02	2.26278e-22
8.95550e+02	2.31615e-22	8.95550e+02	6.76338e-23	8.95550e+02	3.33973e-24	8.95550e+02	3.33973e-24	8.95550e+02	2.31615e-22
8.95900e+02	2.37021e-22	8.95900e+02	6.84991e-23	8.95900e+02	3.49118e-24	8.95900e+02	3.49118e-24	8.95900e+02	2.37021e-22
8.96250e+02	2.43533e-22	8.96250e+02	6.97522e-23	8.96250e+02	3.66419e-24	8.96250e+02	3.66419e-24	8.96250e+02	2.43533e-22
8.96600e+02	2.50587e-22	8.96600e+02	7.01076e-23	8.96600e+02	3.85128e-24	8.96600e+02	3.85128e-24	8.96600e+02	2.50587e-22
8.96950e+02	2.57218e-22	8.96950e+02	6.95441e-23	8.96950e+02	4.03802e-24	8.96950e+02	4.03802e-24	8.96950e+02	2.57218e-22
8.97300e+02	2.63160e-22	8.97300e+02	6.90539e-23	8.97300e+02	4.21987e-24	8.97300e+02	4.21987e-24	8.97300e+02	2.63160e-22
8.97650e+02	2.70271e-22	8.97650e+02	6.92823e-23	8.97650e+02	4.42673e-24	8.97650e+02	4.42673e-24	8.97650e+02	2.70271e-22
8.98000e+02	2.79036e-22	8.98000e+02	6.98880e-23	8.98000e+02	4.66812e-24	8.98000e+02	4.66812e-24	8.98000e+02	2.79036e-22
8.98350e+02	2.87884e-22	8.98350e+02	7.03178e-23	8.98350e+02	4.91915e-24	8.98350e+02	4.91915e-24	8.98350e+02	2.87884e-22
8.98700e+02	2.96512e-22	8.98700e+02	7.07732e-23	8.98700e+02	5.17486e-24	8.98700e+02	5.17486e-24	8.98700e+02	2.96512e-22
8.99050e+02	3.05410e-22	8.99050e+02	7.19714e-23	8.99050e+02	5.44398e-24	8.99050e+02	5.44398e-24	8.99050e+02	3.05410e-22
8.99400e+02	3.14933e-22	8.99400e+02	7.39929e-23	8.99400e+02	5.73352e-24	8.99400e+02	5.73352e-24	8.99400e+02	3.14933e-22
8.99750e+02	3.24361e-22	8.99750e+02	7.57839e-23	8.99750e+02	6.03106e-24	8.99750e+02	6.03106e-24	8.99750e+02	3.24361e-22
9.00100e+02	3.32522e-22	9.00100e+02	7.60709e-23	9.00100e+02	6.31453e-24	9.00100e+02	6.31453e-24	9.00100e+02	3.32522e-22
9.00450e+02	3.39749e-22	9.00450e+02	7.46475e-23	9.00450e+02	6.58910e-24	9.00450e+02	6.58910e-24	9.00450e+02	3.39749e-22
9.00800e+02	3.48257e-22	9.00800e+02	7.25463e-23	9.00800e+02	6.89777e-24	9.00800e+02	6.89777e-24	9.00800e+02	3.48257e-22
9.01150e+02	3.57693e-22	9.01150e+02	7.10245e-23	9.01150e+02	7.23525e-24	9.01150e+02	7.23525e-24	9.01150e+02	3.57693e-22
9.01500e+02	3.68147e-22	9.01500e+02	7.06528e-23	9.01500e+02	7.60485e-24	9.01500e+02	7.60485e-24	9.01500e+02	3.68147e-22
9.01850e+02	3.78362e-22	9.01850e+02	7.13922e-23	9.01850e+02	7.98172e-24	9.01850e+02	7.98172e-24	9.01850e+02	3.78362e-22
9.02200e+02	3.89173e-22	9.02200e+02	7.30980e-23	9.02200e+02	8.38387e-24	9.02200e+02	8.38387e-24	9.02200e+02	3.89173e-22
9.02550e+02	4.01430e-22	9.02550e+02	7.54836e-23	9.02550e+02	8.83116e-24	9.02550e+02	8.83116e-24	9.02550e+02	4.01430e-22
9.02900e+02	4.14914e-22	9.02900e+02	7.77149e-23	9.02900e+02	9.32104e-24	9.02900e+02	9.32104e-24	9.02900e+02	4.14914e-22
9.03250e+02	4.29330e-22	9.03250e+02	7.87117e-23	9.03250e+02	9.84891e-24	9.03250e+02	9.84891e-24	9.03250e+02	4.29330e-22
9.03600e+02	4.41018e-22	9.03600e+02	7.83520e-23	9.03600e+02	1.03309e-23	9.03600e+02	1.03309e-23	9.03600e+02	4.41018e-22
9.03950e+02	4.54718e-22	9.03950e+02	7.81484e-23	9.03950e+02	1.08768e-23	9.03950e+02	1.08768e-23	9.03950e+02	4.54718e-22
9.04300e+02	4.69644e-22	9.04300e+02	8.00387e-23	9.04300e+02	1.14709e-23	9.04300e+02	1.14709e-23	9.04300e+02	4.69644e-22
9.04650e+02	4.85403e-22	9.04650e+02	8.41381e-23	9.04650e+02	1.21058e-23	9.04650e+02	1.21058e-23	9.04650e+02	4.85403e-22
9.05000e+02	5.01958e-22	9.05000e+02	8.80379e-23	9.05000e+02	1.27825e-23	9.05000e+02	1.27825e-23	9.05000e+02	5.01958e-22
9.05350e+02	5.20676e-22	9.05350e+02	8.89529e-23	9.05350e+02	1.35384e-23	9.05350e+02	1.35384e-23	9.05350e+02	5.20676e-22
9.05700e+02	5.40584e-22	9.05700e+02	8.67393e-23	9.05700e+02	1.43517e-23	9.05700e+02	1.43517e-23	9.05700e+02	5.40584e-22
9.06050e+02	5.62267e-22	9.06050e+02	8.43866e-23	9.06050e+02	1.52412e-23	9.06050e+02	1.52412e-23	9.06050e+02	5.62267e-22
9.06400e+02	5.82922e-22	9.06400e+02	8.50965e-23	9.06400e+02	1.61330e-23	9.06400e+02	1.61330e-23	9.06400e+02	5.82922e-22
9.06750e+02	6.01988e-22	9.06750e+02	8.89326e-23	9.06750e+02	1.70103e-23	9.06750e+02	1.70103e-23	9.06750e+02	6.01988e-22
9.07100e+02	6.24403e-22	9.07100e+02	9.27493e-23	9.07100e+02	1.80138e-23	9.07100e+02	1.80138e-23	9.07100e+02	6.24403e-22
9.07450e+02	6.47749e-22	9.07450e+02	9.35896e-23	9.07450e+02	1.90789e-23	9.07450e+02	1.90789e-23	9.07450e+02	6.47749e-22
9.07800e+02	6.70511e-22	9.07800e+02	9.18750e-23	9.07800e+02	2.01629e-23	9.07800e+02	2.01629e-23	9.07800e+02	6.70511e-22
9.08150e+02	6.95441e-22	9.08150e+02	9.09204e-23	9.08150e+02	2.13502e-23	9.08150e+02	2.13502e-23	9.08150e+02	6.95441e-22
9.08500e+02	7.21723e-22	9.08500e+02	9.34014e-23	9.08500e+02	2.26203e-23	9.08500e+02	2.26203e-23	9.08500e+02	7.21723e-22
9.08850e+02	7.49494e-22	9.08850e+02	9.86909e-23	9.08850e+02	2.39815e-23	9.08850e+02	2.39815e-23	9.08850e+02	7.49494e-22
9.09200e+02	7.79140e-22	9.09200e+02	1.03806e-22	9.09200e+02	2.54505e-23	9.09200e+02	2.54505e-23	9.09200e+02	7.79140e-22
9.09550e+02	8.08396e-22	9.09550e+02	1.06614e-22	9.09550e+02	2.69569e-23	9.09550e+02	2.69569e-23	9.09550e+02	8.08396e-22
9.09900e+02	8.39756e-22	9.09900e+02	1.07680e-22	9.09900e+02	2.85863e-23	9.09900e+02	2.85863e-23	9.09900e+02	8.39756e-22
9.10250e+02	8.73243e-22	9.10250e+02	1.09075e-22	9.10250e+02	3.03454e-23	9.10250e+02	3.03454e-23	9.10250e+02	8.73243e-22
9.10600e+02	9.08459e-22	9.10600e+02	1.11937e-22	9.10600e+02	3.22261e-23	9.10600e+02	3.22261e-23	9.10600e+02	9.08459e-22
9.10950e+02	9.43676e-22	9.10950e+02	1.15576e-22	9.10950e+02	3.41715e-23	9.10950e+02	3.41715e-23	9.10950e+02	9.43676e-22
9.11300e+02	9.80184e-22	9.11300e+02	1.18702e-22	9.11300e+02	3.62310e-23	9.11300e+02	3.62310e-23	9.11300e+02	9.80184e-22
9.11650e+02	1.01779e-21	9.11650e+02	1.20916e-22	9.11650e+02	3.84020e-23	9.11650e+02	3.84020e-23	9.11650e+02	1.01779e-21
9.12000e+02	1.05813e-21	9.12000e+02	1.22834e-22	9.12000e+02	4.07526e-23	9.12000e+02	4.07526e-23	9.12000e+02	1.05813e-21
9.12350e+02	1.09957e-21	9.12350e+02	1.25160e-22	9.12350e+02	4.32263e-23	9.12350e+02	4.32263e-23	9.12350e+02	1.09957e-21
9.12700e+02	1.14047e-21	9.12700e+02	1.28113e-22	9.12700e+02	4.57631e-23	9.12700e+02	4.57631e-23	9.12700e+02	1.14047e-21
9.13050e+02	1.18162e-21	9.13050e+02	1.31663e-22	9.13050e+02	4.83957e-23	9.13050e+02	4.83957e-23	9.13050e+02	1.18162e-21
9.13400e+02	1.22337e-21	9.13400e+02	1.35803e-22	9.13400e+02	5.11418e-23	9.13400e+02	5.11418e-23	9.13400e+02	1.22337e-21
9.13750e+02	1.26516e-21	9.13750e+02	1.40356e-22	9.13750e+02	5.39817e-23	9.13750e+02	5.39817e-23	9.13750e+02	1.26516e-21
9.14100e+02	1.30446e-21	9.14100e+02	1.44814e-22	9.14100e+02	5.68078e-23	9.14100e+02	5.68078e-23	9.14100e+02	1.30446e-21
9.14450e+02	1.34110e-21	9.14450e+02	1.48786e-22	9.14450e+02	5.96088e-23	9.14450e+02	5.96088e-23	9.14450e+02	1.34110e-21
9.14800e+02	1.37606e-21	9.14800e+02	1.52513e-22	9.14800e+02	6.24238e-23	9.14800e+02	6.24238e-23	9.14800e+02	1.37606e-21
9.15150e+02	1.41014e-21	9.15150e+02	1.56530e-22	9.15150e+02	6.52876e-23	9.15150e+02	6.52876e-23	9.15150e+02	1.41014e-21
9.15500e+02	1.44272e-21	9.15500e+02	1.60721e-22	9.15500e+02	6.81712e-23	9.15500e+02	6.81712e-23	9.15500e+02	1.44272e-21
9.15850e+02	1.47344e-21	9.15850e+02	1.64188e-22	9.15850e+02	7.10546e-23	9.15850e+02	7.10546e-23	9.15850e+02	1.47344e-21
9.16200e+02	1.50195e-21	9.16200e+02	1.66488e-22	9.16200e+02	7.39185e-23	9.16200e+02	7.39185e-23	9.16200e+02	1.50195e-21
9.16550e+02	1.52642e-21	9.16550e+02	1.68738e-22	9.16550e+02	7.66654e-23	9.16550e+02	7.66654e-23	9.16550e+02	1.52642e-21
9.16900e+02	1.54970e-21	9.16900e+02	1.72734e-22	9.16900e+02	7.94322e-23	9.16900e+02	7.94322e-23	9.16900e+02	1.54970e-21
9.17250e+02	1.57082e-21	9.17250e+02	1.78653e-22	9.17250e+02	8.21660e-23	9.17250e+02	8.21660e-23	9.17250e+02	1.57082e-21
9.17600e+02	1.59056e-21	9.17600e+02	1.84223e-22	9.17600e+02	8.49030e-23	9.17600e+02	8.49030e-23	9.17600e+02	1.59056e-21
9.17950e+02	1.60902e-21	9.17950e+02	1.86944e-22	9.17950e+02	8.76473e-23	9.17950e+02	8.76473e-23	9.17950e+02	1.60902e-21
9.18300e+02	1.62788e-21	9.18300e+02	1.87179e-22	9.18300e+02	9.04886e-23	9.18300e+02	9.04886e-23	9.18300e+02	1.62788e-21
9.18650e+02	1.64729e-21	9.18650e+02	1.88243e-22	9.18650e+02	9.34397e-23	9.18650e+02	9.34397e-23	9.18650e+02	1.64729e-21
9.19000e+02	1.66767e-21	9.19000e+02	1.92903e-22	9.19000e+02	9.65282e-23	9.19000e+02	9.65282e-23	9.19000e+02	1.66767e-21
9.19350e+02	1.68937e-21	9.19350e+02	2.00171e-22	9.19350e+02	9.97805e-23	9.19350e+02	9.97805e-23	9.19350e+02	1.68937e-21
9.19700e+02	1.71156e-21	9.19700e+02	2.06350e-22	9.19700e+02	1.03153e-22	9.19700e+02	1.03153e-22	9.19700e+02	1.71156e-21
9.20050e+02	1.73835e-21	9.20050e+02	2.09319e-22	9.20050e+02	1.06902e-22	9.20050e+02	1.06902e-22	9.20050e+02	1.73835e-21
9.20400e+02	1.76731e-21	9.20400e+02	2.10987e-22	9.20400e+02	1.10897e-22	9.20400e+02	1.10897e-22	9.20400e+02	1.76731e-21
9.20750e+02	1.79935e-21	9.20750e+02	2.14911e-22	9.20750e+02	1.15205e-22	9.20750e+02	1.15205e-22	9.20750e+02	1.79935e-21
9.21100e+02	1.83481e-21	9.21100e+02	2.22031e-22	9.21100e+02	1.19864e-22	9.21100e+02	1.19864e-22	9.21100e+02	1.83481e-21
9.21450e+02	1.87367e-21	9.21450e+02	2.29841e-22	9.21450e+02	1.24890e-22	9.21450e+02	1.24890e-22	9.21450e+02	1.87367e-21
9.21800e+02	1.91510e-21	9.21800e+02	2.35991e-22	9.21800e+02	1.30243e-22	9.21800e+02	1.30243e-22	9.21800e+02	1.91510e-21
9.22150e+02	1.95932e-21	9.22150e+02	2.41637e-22	9.22150e+02	1.35954e-22	9.22150e+02	1.35954e-22	9.22150e+02	1.95932e-21
9.22500e+02	2.00739e-21	9.22500e+02	2.50091e-22	9.22500e+02	1.42113e-22	9.22500e+02	1.42113e-22	9.22500e+02	2.00739e-21
9.22850e+02	2.05798e-21	9.22850e+02	2.62362e-22	9.22850e+02	1.48646e-22	9.22850e+02	1.48646e-22	9.22850e+02	2.05798e-21
9.23200e+02	2.11189e-21	9.23200e+02	2.75306e-22	9.23200e+02	1.55627e-22	9.23200e+02	1.55627e-22	9.23200e+02	2.11189e-21
9.23550e+02	2.16779e-21	9.23550e+02	2.85028e-22	9.23550e+02	1.62977e-22	9.23550e+02	1.62977e-22	9.23550e+02	2.16779e-21
9.23900e+02	2.22612e-21	9.23900e+02	2.91506e-22	9.23900e+02	1.70745e-22	9.23900e+02	1.70745e-22	9.23900e+02	2.22612e-21
9.24250e+02	2.28882e-21	9.24250e+02	2.98751e-22	9.24250e+02	1.79099e-22	9.24250e+02	1.79099e-22	9.24250e+02	2.28882e-21
9.24600e+02	2.35195e-21	9.24600e+02	3.10229e-22	9.24600e+02	1.87753e-22	9.24600e+02	1.87753e-22	9.24600e+02	2.35195e-21
9.24950e+02	2.41632e-21	9.24950e+02	3.25059e-22	9.24950e+02	1.96781e-22	9.24950e+02	1.96781e-22	9.24950e+02	2.41632e-21
9.25300e+02	2.48203e-21	9.25300e+02	3.39394e-22	9.25300e+02	2.06205e-22	9.25300e+02	2.06205e-22	9.25300e+02	2.48203e-21
9.25650e+02	2.54931e-21	9.25650e+02	3.50952e-22	9.25650e+02	2.16058e-22	9.25650e+02	2.16058e-22	9.25650e+02	2.54931e-21
9.26000e+02	2.61533e-21	9.26000e+02	3.61113e-22	9.26000e+02	2.26113e-22	9.26000e+02	2.26113e-22	9.26000e+02	2.61533e-21
9.26350e+02	2.68062e-21	9.26350e+02	3.72467e-22	9.26350e+02	2.36416e-22	9.26350e+02	2.36416e-22	9.26350e+02	2.68062e-21
9.26700e+02	2.74609e-21	9.26700e+02	3.85474e-22	9.26700e+02	2.47054e-22	9.26700e+02	2.47054e-22	9.26700e+02	2.74609e-21
9.27050e+02	2.80939e-21	9.27050e+02	3.98499e-22	9.27050e+02	2.57822e-22	9.27050e+02	2.57822e-22	9.27050e+02	2.80939e-21
9.27400e+02	2.87134e-21	9.27400e+02	4.10662e-22	9.27400e+02	2.68793e-22	9.27400e+02	2.68793e-22	9.27400e+02	2.87134e-21
9.27750e+02	2.92770e-21	9.27750e+02	4.23320e-22	9.27750e+02	2.79561e-22	9.27750e+02	2.79561e-22	9.27750e+02	2.92770e-21
9.28100e+02	2.98093e-21	9.28100e+02	4.38172e-22	9.28100e+02	2.90344e-22	9.28100e+02	2.90344e-22	9.28100e+02	2.98093e-21
9.28450e+02	3.03226e-21	9.28450e+02	4.54706e-22	9.28450e+02	3.01254e-22	9.28450e+02	3.01254e-22	9.28450e+02	3.03226e-21
9.28800e+02	3.07846e-21	9.28800e+02	4.70466e-22	9.28800e+02	3.11959e-22	9.28800e+02	3.11959e-22	9.28800e+02	3.07846e-21
9.29150e+02	3.11856e-21	9.29150e+02	4.83729e-22	9.29150e+02	3.22336e-22	9.29150e+02	3.22336e-22	9.29150e+02	3.11856e-21
9.29500e+02	3.15211e-21	9.29500e+02	4.95015e-22	9.29500e+02	3.32309e-22	9.29500e+02	3.32309e-22	9.29500e+02	3.15211e-21
9.29850e+02	3.18165e-21	9.29850e+02	5.05724e-22	9.29850e+02	3.42115e-22	9.29850e+02	3.42115e-22	9.29850e+02	3.18165e-21
9.30200e+02	3.20178e-21	9.30200e+02	5.16097e-22	9.30200e+02	3.51142e-22	9.30200e+02	3.51142e-22	9.30200e+02	3.20178e-21
9.30550e+02	3.21661e-21	9.30550e+02	5.25306e-22	9.30550e+02	3.59795e-22	9.30550e+02	3.59795e-22	9.30550e+02	3.21661e-21
9.30900e+02	3.22441e-21	9.30900e+02	5.33164e-22	9.30900e+02	3.67846e-22	9.30900e+02	3.67846e-22	9.30900e+02	3.22441e-21
9.31250e+02	3.22546e-21	9.31250e+02	5.40643e-22	9.31250e+02	3.75285e-22	9.31250e+02	3.75285e-22	9.31250e+02	3.22546e-21
9.31600e+02	3.22180e-21	9.31600e+02	5.48342e-22	9.31600e+02	3.82308e-22	9.31600e+02	3.82308e-22	9.31600e+02	3.22180e-21
9.31950e+02	3.20969e-21	9.31950e+02	5.55294e-22	9.31950e+02	3.88435e-22	9.31950e+02	3.88435e-22	9.31950e+02	3.20969e-21
9.32300e+02	3.19092e-21	9.32300e+02	5.60141e-22	9.32300e+02	3.93826e-22	9.32300e+02	3.93826e-22	9.32300e+02	3.19092e-21
9.32650e+02	3.16570e-21	9.32650e+02	5.63164e-22	9.32650e+02	3.98461e-22	9.32650e+02	3.98461e-22	9.32650e+02	3.16570e-21
9.33000e+02	3.13626e-21	9.33000e+02	5.66148e-22	9.33000e+02	4.02577e-22	9.33000e+02	4.02577e-22	9.33000e+02	3.13626e-21
9.33350e+02	3.09987e-21	9.33350e+02	5.69977e-22	9.33350e+02	4.05784e-22	9.33350e+02	4.05784e-22	9.33350e+02	3.09987e-21
9.33700e+02	3.06082e-21	9.33700e+02	5.73264e-22	9.33700e+02	4.08598e-22	9.33700e+02	4.08598e-22	9.33700e+02	3.06082e-21
9.34050e+02	3.01898e-21	9.34050e+02	5.74198e-22	9.34050e+02	4.10980e-22	9.34050e+02	4.10980e-22	9.34050e+02	3.01898e-21
9.34400e+02	2.97657e-21	9.34400e+02	5.73372e-22	9.34400e+02	4.13212e-22	9.34400e+02	4.13212e-22	9.34400e+02	2.97657e-21
9.34750e+02	2.93454e-21	9.34750e+02	5.73729e-22	9.34750e+02	4.15417e-22	9.34750e+02	4.15417e-22	9.34750e+02	2.93454e-21
9.35100e+02	2.89289e-21	9.35100e+02	5.77461e-22	9.35100e+02	4.17599e-22	9.35100e+02	4.17599e-22	9.35100e+02	2.89289e-21
9.35450e+02	2.85275e-21	9.35450e+02	5.83742e-22	9.35450e+02	4.19920e-22	9.35450e+02	4.19920e-22	9.35450e+02	2.85275e-21
9.35800e+02	2.81564e-21	9.35800e+02	5.90032e-22	9.35800e+02	4.22621e-22	9.35800e+02	4.22621e-22	9.35800e+02	2.81564e-21
9.36150e+02	2.78103e-21	9.36150e+02	5.94887e-22	9.36150e+02	4.25641e-22	9.36150e+02	4.25641e-22	9.36150e+02	2.78103e-21
9.36500e+02	2.75017e-21	9.36500e+02	5.98471e-22	9.36500e+02	4.29194e-22	9.36500e+02	4.29194e-22	9.36500e+02	2.75017e-21
9.36850e+02	2.72180e-21	9.36850e+02	6.00684e-22	9.36850e+02	4.33114e-22	9.36850e+02	4.33114e-22	9.36850e+02	2.72180e-21
9.37200e+02	2.69710e-21	9.37200e+02	6.00543e-22	9.37200e+02	4.37610e-22	9.37200e+02	4.37610e-22	9.37200e+02	2.69710e-21
9.37550e+02	2.67577e-21	9.37550e+02	5.98447e-22	9.37550e+02	4.42667e-22	9.37550e+02	4.42667e-22	9.37550e+02	2.67577e-21
9.37900e+02	2.65603e-21	9.37900e+02	5.97948e-22	9.37900e+02	4.48015e-22	9.37900e+02	4.48015e-22	9.37900e+02	2.65603e-21
9.38250e+02	2.64068e-21	9.38250e+02	6.03219e-22	9.38250e+02	4.54152e-22	9.38250e+02	4.54152e-22	9.38250e+02	2.64068e-21
9.38600e+02	2.62876e-21	9.38600e+02	6.14273e-22	9.38600e+02	4.60952e-22	9.38600e+02	4.60952e-22	9.38600e+02	2.62876e-21
9.38950e+02	2.62017e-21	9.38950e+02	6.26220e-22	9.38950e+02	4.68433e-22	9.38950e+02	4.68433e-22	9.38950e+02	2.62017e-21
9.39300e+02	2.61519e-21	9.39300e+02	6.34693e-22	9.39300e+02	4.76682e-22	9.39300e+02	4.76682e-22	9.39300e+02	2.61519e-21
9.39650e+02	2.61432e-21	9.39650e+02	6.41369e-22	9.39650e+02	4.85829e-22	9.39650e+02	4.85829e-22	9.39650e+02	2.61432e-21
9.40000e+02	2.61504e-21	9.40000e+02	6.52288e-22	9.40000e+02	4.95447e-22	9.40000e+02	4.95447e-22	9.40000e+02	2.61504e-21
9.40350e+02	2.61757e-21	9.40350e+02	6.70210e-22	9.40350e+02	5.05598e-22	9.40350e+02	5.05598e-22	9.40350e+02	2.61757e-21
9.40700e+02	2.62265e-21	9.40700e+02	6.90274e-22	9.40700e+02	5.16452e-22	9.40700e+02	5.16452e-22	9.40700e+02	2.62265e-21
9.41050e+02	2.63060e-21	9.41050e+02	7.04884e-22	9.41050e+02	5.28105e-22	9.41050e+02	5.28105e-22	9.41050e+02	2.63060e-21
9.41400e+02	2.64238e-21	9.41400e+02	7.12454e-22	9.41400e+02	5.40792e-22	9.41400e+02	5.40792e-22	9.41400e+02	2.64238e-21
9.41750e+02	2.65634e-21	9.41750e+02	7.19497e-22	9.41750e+02	5.54218e-22	9.41750e+02	5.54218e-22	9.41750e+02	2.65634e-21
9.42100e+02	2.67269e-21	9.42100e+02	7.33424e-22	9.42100e+02	5.68465e-22	9.42100e+02	5.68465e-22	9.42100e+02	2.67269e-21
9.42450e+02	2.69211e-21	9.42450e+02	7.54654e-22	9.42450e+02	5.83712e-22	9.42450e+02	5.83712e-22	9.42450e+02	2.69211e-21
9.42800e+02	2.71329e-21	9.42800e+02	7.77159e-22	9.42800e+02	5.99717e-22	9.42800e+02	5.99717e-22	9.42800e+02	2.71329e-21
9.43150e+02	2.73433e-21	9.43150e+02	7.95997e-22	9.43150e+02	6.16084e-22	9.43150e+02	6.16084e-22	9.43150e+02	2.73433e-21
9.43500e+02	2.75789e-21	9.43500e+02	8.12313e-22	9.43500e+02	6.33428e-22	9.43500e+02	6.33428e-22	9.43500e+02	2.75789e-21
9.43850e+02	2.78463e-21	9.43850e+02	8.30545e-22	9.43850e+02	6.51948e-22	9.43850e+02	6.51948e-22	9.43850e+02	2.78463e-21
9.44200e+02	2.81440e-21	9.44200e+02	8.52691e-22	9.44200e+02	6.71664e-22	9.44200e+02	6.71664e-22	9.44200e+02	2.81440e-21
9.44550e+02	2.84481e-21	9.44550e+02	8.77102e-22	9.44550e+02	6.92044e-22	9.44550e+02	6.92044e-22	9.44550e+02	2.84481e-21
9.44900e+02	2.87619e-21	9.44900e+02	9.01986e-22	9.44900e+02	7.13189e-22	9.44900e+02	7.13189e-22	9.44900e+02	2.87619e-21
9.45250e+02	2.90880e-21	9.45250e+02	9.27518e-22	9.45250e+02	7.35195e-22	9.45250e+02	7.35195e-22	9.45250e+02	2.90880e-21
9.45600e+02	2.94427e-21	9.45600e+02	9.53709e-22	9.45600e+02	7.58510e-22	9.45600e+02	7.58510e-22	9.45600e+02	2.94427e-21
9.45950e+02	2.98076e-21	9.45950e+02	9.78387e-22	9.45950e+02	7.82707e-22	9.45950e+02	7.82707e-22	9.45950e+02	2.98076e-21
9.46300e+02	3.01622e-21	9.46300e+02	9.99603e-22	9.46300e+02	8.07271e-22	9.46300e+02	8.07271e-22	9.46300e+02	3.01622e-21
9.46650e+02	3.05394e-21	9.46650e+02	1.01941e-21	9.46650e+02	8.33092e-22	9.46650e+02	8.33092e-22	9.46650e+02	3.05394e-21
9.47000e+02	3.09325e-21	9.47000e+02	1.04258e-21	9.47000e+02	8.60039e-22	9.47000e+02	8.60039e-22	9.47000e+02	3.09325e-21
9.47350e+02	3.13087e-21	9.47350e+02	1.07050e-21	9.47350e+02	8.87223e-22	9.47350e+02	8.87223e-22	9.47350e+02	3.13087e-21
9.47700e+02	3.16753e-21	9.47700e+02	1.09846e-21	9.47700e+02	9.14842e-22	9.47700e+02	9.14842e-22	9.47700e+02	3.16753e-21
9.48050e+02	3.20540e-21	9.48050e+02	1.12140e-21	9.48050e+02	9.43541e-22	9.48050e+02	9.43541e-22	9.48050e+02	3.20540e-21
9.48400e+02	3.24327e-21	9.48400e+02	1.14171e-21	9.48400e+02	9.72987e-22	9.48400e+02	9.72987e-22	9.48400e+02	3.24327e-21
9.48750e+02	3.28399e-21	9.48750e+02	1.16818e-21	9.48750e+02	1.00408e-21	9.48750e+02	1.00408e-21	9.48750e+02	3.28399e-21
9.49100e+02	3.32132e-21	9.49100e+02	1.20601e-21	9.49100e+02	1.03493e-21	9.49100e+02	1.03493e-21	9.49100e+02	3.32132e-21
9.49450e+02	3.35804e-21	9.49450e+02	1.24956e-21	9.49450e+02	1.06638e-21	9.49450e+02	1.06638e-21	9.49450e+02	3.35804e-21
9.49800e+02	3.39463e-21	9.49800e+02	1.28784e-21	9.49800e+02	1.09860e-21	9.49800e+02	1.09860e-21	9.49800e+02	3.39463e-21
9.50150e+02	3.43119e-21	9.50150e+02	1.31649e-21	9.50150e+02	1.13164e-21	9.50150e+02	1.13164e-21	9.50150e+02	3.43119e-21
9.50500e+02	3.46391e-21	9.50500e+02	1.34181e-21	9.50500e+02	1.16424e-21	9.50500e+02	1.16424e-21	9.50500e+02	3.46391e-21
9.50850e+02	3.49402e-21	9.50850e+02	1.37222e-21	9.50850e+02	1.19675e-21	9.50850e+02	1.19675e-21	9.50850e+02	3.49402e-21
9.51200e+02	3.52163e-21	9.51200e+02	1.40864e-21	9.51200e+02	1.22919e-21	9.51200e+02	1.22919e-21	9.51200e+02	3.52163e-21
9.51550e+02	3.54816e-21	9.51550e+02	1.44606e-21	9.51550e+02	1.26203e-21	9.51550e+02	1.26203e-21	9.51550e+02	3.54816e-21
9.51900e+02	3.57432e-21	9.51900e+02	1.48286e-21	9.51900e+02	1.29553e-21	9.51900e+02	1.29553e-21	9.51900e+02	3.57432e-21
9.52250e+02	3.59683e-21	9.52250e+02	1.52359e-21	9.52250e+02	1.32848e-21	9.52250e+02	1.32848e-21	9.52250e+02	3.59683e-21
9.52600e+02	3.61908e-21	9.52600e+02	1.57020e-21	9.52600e+02	1.36209e-21	9.52600e+02	1.36209e-21	9.52600e+02	3.61908e-21
9.52950e+02	3.64020e-21	9.52950e+02	1.61443e-21	9.52950e+02	1.39605e-21	9.52950e+02	1.39605e-21	9.52950e+02	3.64020e-21
9.53300e+02	3.66211e-21	9.53300e+02	1.64435e-21	9.53300e+02	1.43109e-21	9.53300e+02	1.43109e-21	9.53300e+02	3.66211e-21
9.53650e+02	3.68109e-21	9.53650e+02	1.65965e-21	9.53650e+02	1.46578e-21	9.53650e+02	1.46578e-21	9.53650e+02	3.68109e-21
9.54000e+02	3.69619e-21	9.54000e+02	1.67599e-21	9.54000e+02	1.49967e-21	9.54000e+02	1.49967e-21	9.54000e+02	3.69619e-21
9.54350e+02	3.70826e-21	9.54350e+02	1.70983e-21	9.54350e+02	1.53305e-21	9.54350e+02	1.53305e-21	9.54350e+02	3.70826e-21
9.54700e+02	3.71917e-21	9.54700e+02	1.76006e-21	9.54700e+02	1.56664e-21	9.54700e+02	1.56664e-21	9.54700e+02	3.71917e-21
9.55050e+02	3.72904e-21	9.55050e+02	1.80866e-21	9.55050e+02	1.60049e-21	9.55050e+02	1.60049e-21	9.55050e+02	3.72904e-21
9.55400e+02	3.73549e-21	9.55400e+02	1.84099e-21	9.55400e+02	1.63353e-21	9.55400e+02	1.63353e-21	9.55400e+02	3.73549e-21
9.55750e+02	3.74313e-21	9.55750e+02	1.86245e-21	9.55750e+02	1.66777e-21	9.55750e+02	1.66777e-21	9.55750e+02	3.74313e-21
9.56100e+02	3.74980e-21	9.56100e+02	1.89166e-21	9.56100e+02	1.70225e-21	9.56100e+02	1.70225e-21	9.56100e+02	3.74980e-21
9.56450e+02	3.75533e-21	9.56450e+02	1.93838e-21	9.56450e+02	1.73689e-21	9.56450e+02	1.73689e-21	9.56450e+02	3.75533e-21
9.56800e+02	3.75775e-21	9.56800e+02	1.99198e-21	9.56800e+02	1.77073e-21	9.56800e+02	1.77073e-21	9.56800e+02	3.75775e-21
9.57150e+02	3.75871e-21	9.57150e+02	2.03349e-21	9.57150e+02	1.80451e-21	9.57150e+02	1.80451e-21	9.57150e+02	3.75871e-21
9.57500e+02	3.75791e-21	9.57500e+02	2.05624e-21	9.57500e+02	1.83805e-21	9.57500e+02	1.83805e-21	9.57500e+02	3.75791e-21
9.57850e+02	3.75810e-21	9.57850e+02	2.07202e-21	9.57850e+02	1.87268e-21	9.57850e+02	1.87268e-21	9.57850e+02	3.75810e-21
9.58200e+02	3.75880e-21	9.58200e+02	2.09781e-21	9.58200e+02	1.90820e-21	9.58200e+02	1.90820e-21	9.58200e+02	3.75880e-21
9.58550e+02	3.75692e-21	9.58550e+02	2.13991e-21	9.58550e+02	1.94302e-21	9.58550e+02	1.94302e-21	9.58550e+02	3.75692e-21
9.58900e+02	3.75886e-21	9.58900e+02	2.19159e-21	9.58900e+02	1.98047e-21	9.58900e+02	1.98047e-21	9.58900e+02	3.75886e-21
9.59250e+02	3.75904e-21	9.59250e+02	2.24289e-21	9.59250e+02	2.01767e-21	9.59250e+02	2.01767e-21	9.59250e+02	3.75904e-21
9.59600e+02	3.76007e-21	9.59600e+02	2.28926e-21	9.59600e+02	2.05601e-21	9.59600e+02	2.05601e-21	9.59600e+02	3.76007e-21
9.59950e+02	3.75945e-21	9.59950e+02	2.33190e-21	9.59950e+02	2.09412e-21	9.59950e+02	2.09412e-21	9.59950e+02	3.75945e-21
9.60300e+02	3.75847e-21	9.60300e+02	2.37364e-21	9.60300e+02	2.13271e-21	9.60300e+02	2.13271e-21	9.60300e+02	3.75847e-21
9.60650e+02	3.75740e-21	9.60650e+02	2.41612e-21	9.60650e+02	2.17192e-21	9.60650e+02	2.17192e-21	9.60650e+02	3.75740e-21
9.61000e+02	3.75742e-21	9.61000e+02	2.45910e-21	9.61000e+02	2.21248e-21	9.61000e+02	2.21248e-21	9.61000e+02	3.75742e-21
9.61350e+02	3.75581e-21	9.61350e+02	2.49997e-21	9.61350e+02	2.25278e-21	9.61350e+02	2.25278e-21	9.61350e+02	3.75581e-21
9.61700e+02	3.75378e-21	9.61700e+02	2.53557e-21	9.61700e+02	2.29352e-21	9.61700e+02	2.29352e-21	9.61700e+02	3.75378e-21
9.62050e+02	3.75420e-21	9.62050e+02	2.56685e-21	9.62050e+02	2.33650e-21	9.62050e+02	2.33650e-21	9.62050e+02	3.75420e-21
9.62400e+02	3.75567e-21	9.62400e+02	2.60145e-21	9.62400e+02	2.38091e-21	9.62400e+02	2.38091e-21	9.62400e+02	3.75567e-21
9.62750e+02	3.75891e-21	9.62750e+02	2.64798e-21	9.62750e+02	2.42729e-21	9.62750e+02	2.42729e-21	9.62750e+02	3.75891e-21
9.63100e+02	3.76024e-21	9.63100e+02	2.70601e-21	9.63100e+02	2.47326e-21	9.63100e+02	2.47326e-21	9.63100e+02	3.76024e-21
9.63450e+02	3.76062e-21	9.63450e+02	2.76490e-21	9.63450e+02	2.51944e-21	9.63450e+02	2.51944e-21	9.63450e+02	3.76062e-21
9.63800e+02	3.76066e-21	9.63800e+02	2.81618e-21	9.63800e+02	2.56622e-21	9.63800e+02	2.56622e-21	9.63800e+02	3.76066e-21
9.64150e+02	3.76149e-21	9.64150e+02	2.86551e-21	9.64150e+02	2.61438e-21	9.64150e+02	2.61438e-21	9.64150e+02	3.76149e-21
9.64500e+02	3.76050e-21	9.64500e+02	2.92668e-21	9.64500e+02	2.66212e-21	9.64500e+02	2.66212e-21	9.64500e+02	3.76050e-21
9.64850e+02	3.76088e-21	9.64850e+02	3.00181e-21	9.64850e+02	2.71169e-21	9.64850e+02	2.71283e-21	9.64850e+02	3.76247e-21
9.65200e+02	3.76404e-21	9.65200e+02	3.07324e-21	9.65200e+02	2.76418e-21	9.65200e+02	2.76903e-21	9.65200e+02	3.77065e-21
9.65550e+02	3.77062e-21	9.65550e+02	3.12228e-21	9.65550e+02	2.82020e-21	9.65550e+02	2.83081e-21	9.65550e+02	3.78480e-21
9.65900e+02	3.78227e-21	9.65900e+02	3.15515e-21	9.65900e+02	2.88117e-21	9.65900e+02	2.89812e-21	9.65900e+02	3.80451e-21
9.66250e+02	3.79672e-21	9.66250e+02	3.20187e-21	9.66250e+02	2.94558e-21	9.66250e+02	2.97005e-21	9.66250e+02	3.82827e-21
9.66600e+02	3.81366e-21	9.66600e+02	3.28381e-21	9.66600e+02	3.01330e-21	9.66600e+02	3.04996e-21	9.66600e+02	3.86006e-21
9.66950e+02	3.83818e-21	9.66950e+02	3.38685e-21	9.66950e+02	3.08858e-21	9.66950e+02	3.14265e-21	9.66950e+02	3.90538e-21
9.67300e+02	3.86869e-21	9.67300e+02	3.47597e-21	9.67300e+02	3.17047e-21	9.67300e+02	3.24137e-21	9.67300e+02	3.95520e-21
9.67650e+02	3.90367e-21	9.67650e+02	3.53783e-21	9.67650e+02	3.25802e-21	9.67650e+02	3.33836e-21	9.67650e+02	3.99992e-21
9.68000e+02	3.94841e-21	9.68000e+02	3.60029e-21	9.68000e+02	3.35598e-21	9.68000e+02	3.44039e-21	9.68000e+02	4.04772e-21
9.68350e+02	3.99985e-21	9.68350e+02	3.70220e-21	9.68350e+02	3.46219e-21	9.68350e+02	3.55971e-21	9.68350e+02	4.11251e-21
9.68700e+02	4.06398e-21	9.68700e+02	3.84779e-21	9.68700e+02	3.58231e-21	9.68700e+02	3.70671e-21	9.68700e+02	4.20511e-21
9.69050e+02	4.13652e-21	9.69050e+02	4.00182e-21	9.69050e+02	3.71317e-21	9.69050e+02	3.86655e-21	9.69050e+02	4.30739e-21
9.69400e+02	4.22263e-21	9.69400e+02	4.13379e-21	9.69400e+02	3.85998e-21	9.69400e+02	4.02254e-21	9.69400e+02	4.40046e-21
9.69750e+02	4.32516e-21	9.69750e+02	4.25813e-21	9.69750e+02	4.02617e-21	9.69750e+02	4.17799e-21	9.69750e+02	4.48826e-21
9.70100e+02	4.45690e-21	9.70100e+02	4.42095e-21	9.70100e+02	4.22478e-21	9.70100e+02	4.36463e-21	9.70100e+02	4.60443e-21
9.70450e+02	4.61835e-21	9.70450e+02	4.64956e-21	9.70450e+02	4.45793e-21	9.70450e+02	4.60509e-21	9.70450e+02	4.77080e-21
9.70800e+02	4.81119e-21	9.70800e+02	4.92756e-21	9.70800e+02	4.72900e-21	9.70800e+02	4.89156e-21	9.70800e+02	4.97658e-21
9.71150e+02	5.05257e-21	9.71150e+02	5.22618e-21	9.71150e+02	5.05700e-21	9.71150e+02	5.20325e-21	9.71150e+02	5.19869e-21
9.71500e+02	5.36510e-21	9.71500e+02	5.55264e-21	9.71500e+02	5.46786e-21	9.71500e+02	5.54455e-21	9.71500e+02	5.44034e-21
9.71850e+02	5.74321e-21	9.71850e+02	5.95664e-21	9.71850e+02	5.96002e-21	9.71850e+02	5.95685e-21	9.71850e+02	5.74016e-21
9.72200e+02	6.14235e-21	9.72200e+02	6.49093e-21	9.72200e+02	6.49045e-21	9.72200e+02	6.49091e-21	9.72200e+02	6.14279e-21
9.72550e+02	6.57462e-21	9.72550e+02	7.17856e-21	9.72550e+02	7.07380e-21	9.72550e+02	7.17692e-21	9.72550e+02	6.67046e-21
9.72900e+02	6.96536e-21	9.72900e+02	8.02348e-21	9.72900e+02	7.63066e-21	9.72900e+02	8.02193e-21	9.72900e+02	7.32252e-21
9.73250e+02	7.27551e-21	9.73250e+02	9.03518e-21	9.73250e+02	8.11544e-21	9.73250e+02	9.03518e-21	9.73250e+02	8.10007e-21
9.73600e+02	7.52341e-21	9.73600e+02	1.02143e-20	9.73600e+02	8.54453e-21	9.73600e+02	1.02143e-20	9.73600e+02	8.99366e-21
9.73950e+02	7.66448e-21	9.73950e+02	1.15004e-20	9.73950e+02	8.86289e-21	9.73950e+02	1.15004e-20	9.73950e+02	9.94537e-21
9.74300e+02	7.73077e-21	9.74300e+02	1.27477e-20	9.74300e+02	9.10183e-21	9.74300e+02	1.27477e-20	9.74300e+02	1.08274e-20
9.74650e+02	7.77216e-21	9.74650e+02	1.37788e-20	9.74650e+02	9.31657e-21	9.74650e+02	1.37788e-20	9.74650e+02	1.14947e-20
9.75000e+02	7.77220e-21	9.75000e+02	1.44790e-20	9.75000e+02	9.48550e-21	9.75000e+02	1.44790e-20	9.75000e+02	1.18638e-20
9.75350e+02	7.76388e-21	9.75350e+02	1.48406e-20	9.75350e+02	9.64700e-21	9.75350e+02	1.48406e-20	9.75350e+02	1.19437e-20
9.75700e+02	7.78399e-21	9.75700e+02	1.49173e-20	9.75700e+02	9.84706e-21	9.75700e+02	1.49173e-20	9.75700e+02	1.17920e-20
9.76050e+02	7.76556e-21	9.76050e+02	1.47466e-20	9.76050e+02	1.00014e-20	9.76050e+02	1.47466e-20	9.76050e+02	1.14499e-20
9.76400e+02	7.72584e-21	9.76400e+02	1.43275e-20	9.76400e+02	1.01301e-20	9.76400e+02	1.43275e-20	9.76400e+02	1.09270e-20
9.76750e+02	7.66834e-21	9.76750e+02	1.36687e-20	9.76750e+02	1.02364e-20	9.76750e+02	1.36687e-20	9.76750e+02	1.02396e-20
9.77100e+02	7.52688e-21	9.77100e+02	1.28381e-20	9.77100e+02	1.02289e-20	9.77100e+02	1.28381e-20	9.77100e+02	9.44688e-21
9.77450e+02	7.29619e-21	9.77450e+02	1.19491e-20	9.77450e+02	1.00942e-20	9.77450e+02	1.19491e-20	9.77450e+02	8.63689e-21
9.77800e+02	6.98707e-21	9.77800e+02	1.10981e-20	9.77800e+02	9.84077e-21	9.77800e+02	1.10981e-20	9.77800e+02	7.87980e-21
9.78150e+02	6.58622e-21	9.78150e+02	1.03246e-20	9.78150e+02	9.44327e-21	9.78150e+02	1.03246e-20	9.78150e+02	7.20091e-21
9.78500e+02	6.15381e-21	9.78500e+02	9.62742e-21	9.78500e+02	8.98208e-21	9.78500e+02	9.62742e-21	9.78500e+02	6.59594e-21
9.78850e+02	5.70965e-21	9.78850e+02	9.00483e-21	9.78850e+02	8.48366e-21	9.78850e+02	9.00483e-21	9.78850e+02	6.06040e-21
9.79200e+02	5.27578e-21	9.79200e+02	8.46522e-21	9.79200e+02	7.97988e-21	9.79200e+02	8.46522e-21	9.79200e+02	5.59666e-21
9.79550e+02	4.89266e-21	9.79550e+02	8.00630e-21	9.79550e+02	7.53329e-21	9.79550e+02	8.00630e-21	9.79550e+02	5.19987e-21
9.79900e+02	4.55621e-21	9.79900e+02	7.60432e-21	9.79900e+02	7.14114e-21	9.79900e+02	7.60432e-21	9.79900e+02	4.85173e-21
9.80250e+02	4.26894e-21	9.80250e+02	7.23539e-21	9.80250e+02	6.81089e-21	9.80250e+02	7.23539e-21	9.80250e+02	4.53502e-21
9.80600e+02	4.01866e-21	9.80600e+02	6.90060e-21	9.80600e+02	6.52646e-21	9.80600e+02	6.90060e-21	9.80600e+02	4.24903e-21
9.80950e+02	3.81067e-21	9.80950e+02	6.61884e-21	9.80950e+02	6.29949e-21	9.80950e+02	6.61884e-21	9.80950e+02	4.00384e-21
9.81300e+02	3.62803e-21	9.81300e+02	6.39602e-21	9.81300e+02	6.10490e-21	9.81300e+02	6.39602e-21	9.81300e+02	3.80104e-21
9.81650e+02	3.47047e-21	9.81650e+02	6.21298e-21	9.81650e+02	5.94419e-21	9.81650e+02	6.21298e-21	9.81650e+02	3.62740e-21
9.82000e+02	3.33019e-21	9.82000e+02	6.04892e-21	9.82000e+02	5.80582e-21	9.82000e+02	6.04892e-21	9.82000e+02	3.46962e-21
9.82350e+02	3.20638e-21	9.82350e+02	5.90674e-21	9.82350e+02	5.68980e-21	9.82350e+02	5.90674e-21	9.82350e+02	3.32863e-21
9.82700e+02	3.09519e-21	9.82700e+02	5.80262e-21	9.82700e+02	5.59048e-21	9.82700e+02	5.80262e-21	9.82700e+02	3.21264e-21
9.83050e+02	2.99514e-21	9.83050e+02	5.73284e-21	9.83050e+02	5.50623e-21	9.83050e+02	5.73284e-21	9.83050e+02	3.11841e-21
9.83400e+02	2.90612e-21	9.83400e+02	5.66617e-21	9.83400e+02	5.43777e-21	9.83400e+02	5.66617e-21	9.83400e+02	3.02819e-21
9.83750e+02	2.82565e-21	9.83750e+02	5.57901e-21	9.83750e+02	5.38132e-21	9.83750e+02	5.57901e-21	9.83750e+02	2.92945e-21
9.84100e+02	2.75443e-21	9.84100e+02	5.48951e-21	9.84100e+02	5.33902e-21	9.84100e+02	5.48951e-21	9.84100e+02	2.83207e-21
9.84450e+02	2.68797e-21	9.84450e+02	5.44099e-21	9.84450e+02	5.30282e-21	9.84450e+02	5.44099e-21	9.84450e+02	2.75800e-21
9.84800e+02	2.62906e-21	9.84800e+02	5.44751e-21	9.84800e+02	5.27876e-21	9.84800e+02	5.44751e-21	9.84800e+02	2.71311e-21
9.85150e+02	2.57400e-21	9.85150e+02	5.46827e-21	9.85150e+02	5.25995e-21	9.85150e+02	5.46827e-21	9.85150e+02	2.67594e-21
9.85500e+02	2.52234e-21	9.85500e+02	5.44833e-21	9.85500e+02	5.24582e-21	9.85500e+02	5.44833e-21	9.85500e+02	2.61971e-21
9.85850e+02	2.47451e-21	9.85850e+02	5.38228e-21	9.85850e+02	5.23758e-21	9.85850e+02	5.38228e-21	9.85850e+02	2.54287e-21
9.86200e+02	2.42897e-21	9.86200e+02	5.32434e-21	9.86200e+02	5.23226e-21	9.86200e+02	5.32434e-21	9.86200e+02	2.47171e-21
9.86550e+02	2.38639e-21	9.86550e+02	5.32916e-21	9.86550e+02	5.23154e-21	9.86550e+02	5.32916e-21	9.86550e+02	2.43092e-21
9.86900e+02	2.34463e-21	9.86900e+02	5.39012e-21	9.86900e+02	5.23093e-21	9.86900e+02	5.39012e-21	9.86900e+02	2.41599e-21
9.87250e+02	2.30334e-21	9.87250e+02	5.44585e-21	9.87250e+02	5.22963e-21	9.87250e+02	5.44585e-21	9.87250e+02	2.39857e-21
9.87600e+02	2.26381e-21	9.87600e+02	5.44624e-21	9.87600e+02	5.23068e-21	9.87600e+02	5.44624e-21	9.87600e+02	2.35710e-21
9.87950e+02	2.22623e-21	9.87950e+02	5.40188e-21	9.87950e+02	5.23465e-21	9.87950e+02	5.40188e-21	9.87950e+02	2.29735e-21
9.88300e+02	2.18754e-21	9.88300e+02	5.36420e-21	9.88300e+02	5.23441e-21	9.88300e+02	5.36420e-21	9.88300e+02	2.24178e-21
9.88650e+02	2.14907e-21	9.88650e+02	5.36598e-21	9.88650e+02	5.23299e-21	9.88650e+02	5.36598e-21	9.88650e+02	2.20369e-21
9.89000e+02	2.11084e-21	9.89000e+02	5.39234e-21	9.89000e+02	5.23044e-21	9.89000e+02	5.39234e-21	9.89000e+02	2.17618e-21
9.89350e+02	2.07376e-21	9.89350e+02	5.40866e-21	9.89350e+02	5.22900e-21	9.89350e+02	5.40866e-21	9.89350e+02	2.14501e-21
9.89700e+02	2.03921e-21	9.89700e+02	5.40403e-21	9.89700e+02	5.23231e-21	9.89700e+02	5.40403e-21	9.89700e+02	2.10613e-21
9.90050e+02	2.00716e-21	9.90050e+02	5.39804e-21	9.90050e+02	5.24060e-21	9.90050e+02	5.39804e-21	9.90050e+02	2.06746e-21
9.90400e+02	1.97643e-21	9.90400e+02	5.41049e-21	9.90400e+02	5.25101e-21	9.90400e+02	5.41049e-21	9.90400e+02	2.03646e-21
9.90750e+02	1.94886e-21	9.90750e+02	5.43715e-21	9.90750e+02	5.26864e-21	9.90750e+02	5.43715e-21	9.90750e+02	2.01120e-21
9.91100e+02	1.92141e-21	9.91100e+02	5.45915e-21	9.91100e+02	5.28551e-21	9.91100e+02	5.45915e-21	9.91100e+02	1.98453e-21
9.91450e+02	1.89524e-21	9.91450e+02	5.46832e-21	9.91450e+02	5.30490e-21	9.91450e+02	5.46832e-21	9.91450e+02	1.95362e-21
9.91800e+02	1.86874e-21	9.91800e+02	5.47455e-21	9.91800e+02	5.32234e-21	9.91800e+02	5.47455e-21	9.91800e+02	1.92218e-21
9.92150e+02	1.84251e-21	9.92150e+02	5.49037e-21	9.92150e+02	5.33946e-21	9.92150e+02	5.49037e-21	9.92150e+02	1.89458e-21
9.92500e+02	1.81715e-21	9.92500e+02	5.51708e-21	9.92500e+02	5.35806e-21	9.92500e+02	5.51708e-21	9.92500e+02	1.87107e-21
9.92850e+02	1.79349e-21	9.92850e+02	5.54907e-21	9.92850e+02	5.38074e-21	9.92850e+02	5.54907e-21	9.92850e+02	1.84960e-21
9.93200e+02	1.77099e-21	9.93200e+02	5.58451e-21	9.93200e+02	5.40602e-21	9.93200e+02	5.58451e-21	9.93200e+02	1.82946e-21
9.93550e+02	1.74693e-21	9.93550e+02	5.62353e-21	9.93550e+02	5.42564e-21	9.93550e+02	5.62353e-21	9.93550e+02	1.81065e-21
9.93900e+02	1.72303e-21	9.93900e+02	5.65755e-21	9.93900e+02	5.44474e-21	9.93900e+02	5.65755e-21	9.93900e+02	1.79038e-21
9.94250e+02	1.69890e-21	9.94250e+02	5.67002e-21	9.94250e+02	5.46204e-21	9.94250e+02	5.67002e-21	9.94250e+02	1.76359e-21
9.94600e+02	1.67580e-21	9.94600e+02	5.65394e-21	9.94600e+02	5.48159e-21	9.94600e+02	5.65394e-21	9.94600e+02	1.72849e-21
9.94950e+02	1.65168e-21	9.94950e+02	5.62546e-21	9.94950e+02	5.49671e-21	9.94950e+02	5.62546e-21	9.94950e+02	1.69037e-21
9.95300e+02	1.62881e-21	9.95300e+02	5.61316e-21	9.95300e+02	5.51487e-21	9.95300e+02	5.61316e-21	9.95300e+02	1.65784e-21
9.95650e+02	1.60751e-21	9.95650e+02	5.63197e-21	9.95650e+02	5.53733e-21	9.95650e+02	5.63197e-21	9.95650e+02	1.63499e-21
9.96000e+02	1.58744e-21	9.96000e+02	5.67143e-21	9.96000e+02	5.56315e-21	9.96000e+02	5.67143e-21	9.96000e+02	1.61834e-21
9.96350e+02	1.56757e-21	9.96350e+02	5.71123e-21	9.96350e+02	5.58884e-21	9.96350e+02	5.71123e-21	9.96350e+02	1.60190e-21
9.96700e+02	1.54764e-21	9.96700e+02	5.74418e-21	9.96700e+02	5.61346e-21	9.96700e+02	5.74418e-21	9.96700e+02	1.58368e-21
9.97050e+02	1.52805e-21	9.97050e+02	5.77876e-21	9.97050e+02	5.63844e-21	9.97050e+02	5.77876e-21	9.97050e+02	1.56608e-21
9.97400e+02	1.50812e-21	9.97400e+02	5.82046e-21	9.97400e+02	5.66125e-21	9.97400e+02	5.82046e-21	9.97400e+02	1.55053e-21
9.97750e+02	1.48808e-21	9.97750e+02	5.85777e-21	9.97750e+02	5.68268e-21	9.97750e+02	5.85777e-21	9.97750e+02	1.53393e-21
9.98100e+02	1.46782e-21	9.98100e+02	5.87178e-21	9.98100e+02	5.70227e-21	9.98100e+02	5.87178e-21	9.98100e+02	1.51146e-21
9.98450e+02	1.44909e-21	9.98450e+02	5.85768e-21	9.98450e+02	5.72674e-21	9.98450e+02	5.85768e-21	9.98450e+02	1.48222e-21
9.98800e+02	1.43262e-21	9.98800e+02	5.83197e-21	9.98800e+02	5.75941e-21	9.98800e+02	5.83197e-21	9.98800e+02	1.45067e-21
9.99150e+02	1.41571e-21	9.99150e+02	5.81697e-21	9.99150e+02	5.78967e-21	9.99150e+02	5.81697e-21	9.99150e+02	1.42239e-21
9.99500e+02	1.39637e-21	9.99500e+02	5.82111e-21	9.99500e+02	5.80903e-21	9.99500e+02	5.82111e-21	9.99500e+02	1.39928e-21
9.99850e+02	1.37582e-21	9.99850e+02	5.83603e-21	9.99850e+02	5.82215e-21	9.99850e+02	5.83603e-21	9.99850e+02	1.37910e-21
1.00020e+03	1.35378e-21	1.00020e+03	5.84975e-21	1.00020e+03	5.82752e-21	1.00020e+03	5.84975e-21	1.00020e+03	1.35894e-21
1.00055e+03	1.33109e-21	1.00055e+03	5.85810e-21	1.00055e+03	5.82842e-21	1.00055e+03	5.85810e-21	1.00055e+03	1.33786e-21
1.00090e+03	1.30698e-21	1.00090e+03	5.86332e-21	1.00090e+03	5.82125e-21	1.00090e+03	5.86332e-21	1.00090e+03	1.31642e-21
1.00125e+03	1.28224e-21	1.00125e+03	5.86654e-21	1.00125e+03	5.80919e-21	1.00125e+03	5.86654e-21	1.00125e+03	1.29490e-21
1.00160e+03	1.25803e-21	1.00160e+03	5.86569e-21	1.00160e+03	5.79737e-21	1.00160e+03	5.86569e-21	1.00160e+03	1.27285e-21
1.00195e+03	1.23507e-21	1.00195e+03	5.85995e-21	1.00195e+03	5.78924e-21	1.00195e+03	5.85995e-21	1.00195e+03	1.25016e-21
1.00230e+03	1.21141e-21	1.00230e+03	5.85185e-21	1.00230e+03	5.77569e-21	1.00230e+03	5.85185e-21	1.00230e+03	1.22739e-21
1.00265e+03	1.18684e-21	1.00265e+03	5.84350e-21	1.00265e+03	5.75546e-21	1.00265e+03	5.84350e-21	1.00265e+03	1.20499e-21
1.00300e+03	1.16256e-21	1.00300e+03	5.83266e-21	1.00300e+03	5.73427e-21	1.00300e+03	5.83266e-21	1.00300e+03	1.18251e-21
1.00335e+03	1.13971e-21	1.00335e+03	5.81522e-21	1.00335e+03	5.71775e-21	1.00335e+03	5.81522e-21	1.00335e+03	1.15914e-21
1.00370e+03	1.11670e-21	1.00370e+03	5.79062e-21	1.00370e+03	5.69807e-21	1.00370e+03	5.79062e-21	1.00370e+03	1.13484e-21
1.00405e+03	1.09272e-21	1.00405e+03	5.76266e-21	1.00405e+03	5.67099e-21	1.00405e+03	5.76266e-21	1.00405e+03	1.11039e-21
1.00440e+03	1.06923e-21	1.00440e+03	5.73435e-21	1.00440e+03	5.64383e-21	1.00440e+03	5.73435e-21	1.00440e+03	1.08638e-21
1.00475e+03	1.04588e-21	1.00475e+03	5.70405e-21	1.00475e+03	5.61475e-21	1.00475e+03	5.70405e-21	1.00475e+03	1.06251e-21
1.00510e+03	1.02267e-21	1.00510e+03	5.66819e-21	1.00510e+03	5.58375e-21	1.00510e+03	5.66819e-21	1.00510e+03	1.03813e-21
1.00545e+03	9.98908e-22	1.00545e+03	5.62655e-21	1.00545e+03	5.54694e-21	1.00545e+03	5.62655e-21	1.00545e+03	1.01324e-21
1.00580e+03	9.76628e-22	1.00580e+03	5.58272e-21	1.00580e+03	5.51554e-21	1.00580e+03	5.58272e-21	1.00580e+03	9.88522e-22
1.00615e+03	9.55137e-22	1.00615e+03	5.53943e-21	1.00615e+03	5.48595e-21	1.00615e+03	5.53943e-21	1.00615e+03	9.64449e-22
1.00650e+03	9.33973e-22	1.00650e+03	5.49569e-21	1.00650e+03	5.45559e-21	1.00650e+03	5.49569e-21	1.00650e+03	9.40838e-22
1.00685e+03	9.10390e-22	1.00685e+03	5.44988e-21	1.00685e+03	5.40819e-21	1.00685e+03	5.44988e-21	1.00685e+03	9.17410e-22
1.00720e+03	8.86507e-22	1.00720e+03	5.40420e-21	1.00720e+03	5.35571e-21	1.00720e+03	5.40420e-21	1.00720e+03	8.94532e-22
1.00755e+03	8.64221e-22	1.00755e+03	5.36362e-21	1.00755e+03	5.30966e-21	1.00755e+03	5.36362e-21	1.00755e+03	8.73004e-22
1.00790e+03	8.42951e-22	1.00790e+03	5.33025e-21	1.00790e+03	5.26678e-21	1.00790e+03	5.33025e-21	1.00790e+03	8.53110e-22
1.00825e+03	8.23153e-22	1.00825e+03	5.30054e-21	1.00825e+03	5.23022e-21	1.00825e+03	5.30054e-21	1.00825e+03	8.34221e-22
1.00860e+03	8.04604e-22	1.00860e+03	5.26939e-21	1.00860e+03	5.19891e-21	1.00860e+03	5.26939e-21	1.00860e+03	8.15511e-22
1.00895e+03	7.87440e-22	1.00895e+03	5.23597e-21	1.00895e+03	5.17409e-21	1.00895e+03	5.23597e-21	1.00895e+03	7.96858e-22
1.00930e+03	7.70615e-22	1.00930e+03	5.20387e-21	1.00930e+03	5.14914e-21	1.00930e+03	5.20387e-21	1.00930e+03	7.78806e-22
1.00965e+03	7.52604e-22	1.00965e+03	5.17582e-21	1.00965e+03	5.11375e-21	1.00965e+03	5.17582e-21	1.00965e+03	7.61739e-22
1.01000e+03	7.33799e-22	1.01000e+03	5.15033e-21	1.01000e+03	5.07015e-21	1.01000e+03	5.15033e-21	1.01000e+03	7.45403e-22
1.01035e+03	7.15657e-22	1.01035e+03	5.12440e-21	1.01035e+03	5.02822e-21	1.01035e+03	5.12440e-21	1.01035e+03	7.29346e-22
1.01070e+03	6.99621e-22	1.01070e+03	5.09811e-21	1.01070e+03	4.99843e-21	1.01070e+03	5.09811e-21	1.01070e+03	7.13574e-22
1.01105e+03	6.84970e-22	1.01105e+03	5.07451e-21	1.01105e+03	4.97620e-21	1.01105e+03	5.07451e-21	1.01105e+03	6.98503e-22
1.01140e+03	6.70601e-22	1.01140e+03	5.05510e-21	1.01140e+03	4.95383e-21	1.01140e+03	5.05510e-21	1.01140e+03	6.84310e-22
1.01175e+03	6.56453e-22	1.01175e+03	5.03738e-21	1.01175e+03	4.93090e-21	1.01175e+03	5.03738e-21	1.01175e+03	6.70628e-22
1.01210e+03	6.42324e-22	1.01210e+03	5.01786e-21	1.01210e+03	4.90589e-21	1.01210e+03	5.01786e-21	1.01210e+03	6.56985e-22
1.01245e+03	6.27664e-22	1.01245e+03	4.99630e-21	1.01245e+03	4.87446e-21	1.01245e+03	4.99630e-21	1.01245e+03	6.43353e-22
1.01280e+03	6.13054e-22	1.01280e+03	4.97525e-21	1.01280e+03	4.84093e-21	1.01280e+03	4.97525e-21	1.01280e+03	6.30064e-22
1.01315e+03	6.00139e-22	1.01315e+03	4.95576e-21	1.01315e+03	4.81845e-21	1.01315e+03	4.95576e-21	1.01315e+03	6.17240e-22
1.01350e+03	5.88133e-22	1.01350e+03	4.93547e-21	1.01350e+03	4.80122e-21	1.01350e+03	4.93547e-21	1.01350e+03	6.04578e-22
1.01385e+03	5.76822e-22	1.01385e+03	4.91205e-21	1.01385e+03	4.78777e-21	1.01385e+03	4.91205e-21	1.01385e+03	5.91794e-22
1.01420e+03	5.65757e-22	1.01420e+03	4.88717e-21	1.01420e+03	4.77455e-21	1.01420e+03	4.88717e-21	1.01420e+03	5.79101e-22
1.01455e+03	5.54000e-22	1.01455e+03	4.86529e-21	1.01455e+03	4.75355e-21	1.01455e+03	4.86529e-21	1.01455e+03	5.67022e-22
1.01490e+03	5.42137e-22	1.01490e+03	4.84829e-21	1.01490e+03	4.72953e-21	1.01490e+03	4.84829e-21	1.01490e+03	5.55750e-22
1.01525e+03	5.31132e-22	1.01525e+03	4.83278e-21	1.01525e+03	4.71094e-21	1.01525e+03	4.83278e-21	1.01525e+03	5.44868e-22
1.01560e+03	5.19573e-22	1.01560e+03	4.81363e-21	1.01560e+03	4.68536e-21	1.01560e+03	4.81363e-21	1.01560e+03	5.33798e-22
1.01595e+03	5.09136e-22	1.01595e+03	4.78943e-21	1.01595e+03	4.66784e-21	1.01595e+03	4.78943e-21	1.01595e+03	5.22398e-22
1.01630e+03	4.99317e-22	1.01630e+03	4.76309e-21	1.01630e+03	4.65414e-21	1.01630e+03	4.76309e-21	1.01630e+03	5.11005e-22
1.01665e+03	4.89214e-22	1.01665e+03	4.73773e-21	1.01665e+03	4.63594e-21	1.01665e+03	4.73773e-21	1.01665e+03	4.99955e-22
1.01700e+03	4.79073e-22	1.01700e+03	4.71336e-21	1.01700e+03	4.61543e-21	1.01700e+03	4.71336e-21	1.01700e+03	4.89237e-22
1.01735e+03	4.69416e-22	1.01735e+03	4.68820e-21	1.01735e+03	4.59763e-21	1.01735e+03	4.68820e-21	1.01735e+03	4.78662e-22
1.01770e+03	4.59296e-22	1.01770e+03	4.66186e-21	1.01770e+03	4.57331e-21	1.01770e+03	4.66186e-21	1.01770e+03	4.68189e-22
1.01805e+03	4.49186e-22	1.01805e+03	4.63545e-21	1.01805e+03	4.54695e-21	1.01805e+03	4.63545e-21	1.01805e+03	4.57929e-22
1.01840e+03	4.39150e-22	1.01840e+03	4.60887e-21	1.01840e+03	4.51917e-21	1.01840e+03	4.60887e-21	1.01840e+03	4.47867e-22
1.01875e+03	4.28888e-22	1.01875e+03	4.57993e-21	1.01875e+03	4.48679e-21	1.01875e+03	4.57993e-21	1.01875e+03	4.37791e-22
1.01910e+03	4.18952e-22	1.01910e+03	4.54729e-21	1.01910e+03	4.45552e-21	1.01910e+03	4.54729e-21	1.01910e+03	4.27581e-22
1.01945e+03	4.09191e-22	1.01945e+03	4.51351e-21	1.01945e+03	4.42381e-21	1.01945e+03	4.51351e-21	1.01945e+03	4.17488e-22
1.01980e+03	3.99551e-22	1.01980e+03	4.48340e-21	1.01980e+03	4.39111e-21	1.01980e+03	4.48340e-21	1.01980e+03	4.07948e-22
1.02015e+03	3.91402e-22	1.02015e+03	4.45901e-21	1.02015e+03	4.37272e-21	1.02015e+03	4.45901e-21	1.02015e+03	3.99126e-22
1.02050e+03	3.83592e-22	1.02050e+03	4.43713e-21	1.02050e+03	4.35632e-21	1.02050e+03	4.43713e-21	1.02050e+03	3.90707e-22
1.02085e+03	3.75074e-22	1.02085e+03	4.41231e-21	1.02085e+03	4.32997e-21	1.02085e+03	4.41231e-21	1.02085e+03	3.82206e-22
1.02120e+03	3.66118e-22	1.02120e+03	4.38174e-21	1.02120e+03	4.29637e-21	1.02120e+03	4.38174e-21	1.02120e+03	3.73393e-22
1.02155e+03	3.56194e-22	1.02155e+03	4.34641e-21	1.02155e+03	4.24888e-21	1.02155e+03	4.34641e-21	1.02155e+03	3.64370e-22
1.02190e+03	3.45988e-22	1.02190e+03	4.30817e-21	1.02190e+03	4.19519e-21	1.02190e+03	4.30817e-21	1.02190e+03	3.55306e-22
1.02225e+03	3.35574e-22	1.02225e+03	4.26728e-21	1.02225e+03	4.13596e-21	1.02225e+03	4.26728e-21	1.02225e+03	3.46229e-22
1.02260e+03	3.25857e-22	1.02260e+03	4.22360e-21	1.02260e+03	4.08233e-21	1.02260e+03	4.22360e-21	1.02260e+03	3.37134e-22
1.02295e+03	3.17805e-22	1.02295e+03	4.17891e-21	1.02295e+03	4.04696e-21	1.02295e+03	4.17891e-21	1.02295e+03	3.28166e-22
1.02330e+03	3.12221e-22	1.02330e+03	4.13639e-21	1.02330e+03	4.04123e-21	1.02330e+03	4.13639e-21	1.02330e+03	3.19572e-22
1.02365e+03	3.06261e-22	1.02365e+03	4.09752e-21	1.02365e+03	4.02922e-21	1.02365e+03	4.09752e-21	1.02365e+03	3.11452e-22
1.02400e+03	3.00355e-22	1.02400e+03	4.06053e-21	1.02400e+03	4.01642e-21	1.02400e+03	4.06053e-21	1.02400e+03	3.03654e-22
1.02435e+03	2.94064e-22	1.02435e+03	4.02261e-21	1.02435e+03	3.99681e-21	1.02435e+03	4.02261e-21	1.02435e+03	2.95962e-22
1.02470e+03	2.86895e-22	1.02470e+03	3.98311e-21	1.02470e+03	3.96332e-21	1.02470e+03	3.98311e-21	1.02470e+03	2.88328e-22
1.02505e+03	2.79427e-22	1.02505e+03	3.94360e-21	1.02505e+03	3.92341e-21	1.02505e+03	3.94360e-21	1.02505e+03	2.80865e-22
1.02540e+03	2.71973e-22	1.02540e+03	3.90517e-21	1.02540e+03	3.88127e-21	1.02540e+03	3.90517e-21	1.02540e+03	2.73647e-22
1.02575e+03	2.66114e-22	1.02575e+03	3.86694e-21	1.02575e+03	3.85981e-21	1.02575e+03	3.86694e-21	1.02575e+03	2.66606e-22
1.02610e+03	2.61118e-22	1.02610e+03	3.82786e-21	1.02610e+03	3.84927e-21	1.02610e+03	3.82786e-21	1.02610e+03	2.59665e-22
1.02645e+03	2.56536e-22	1.02645e+03	3.78905e-21	1.02645e+03	3.84353e-21	1.02645e+03	3.78905e-21	1.02645e+03	2.52900e-22
1.02680e+03	2.51313e-22	1.02680e+03	3.75304e-21	1.02680e+03	3.82676e-21	1.02680e+03	3.75304e-21	1.02680e+03	2.46471e-22
1.02715e+03	2.46396e-22	1.02715e+03	3.72060e-21	1.02715e+03	3.81313e-21	1.02715e+03	3.72060e-21	1.02715e+03	2.40418e-22
1.02750e+03	2.40281e-22	1.02750e+03	3.68949e-21	1.02750e+03	3.77913e-21	1.02750e+03	3.68949e-21	1.02750e+03	2.34582e-22
1.02785e+03	2.34122e-22	1.02785e+03	3.65700e-21	1.02785e+03	3.74228e-21	1.02785e+03	3.65700e-21	1.02785e+03	2.28788e-22
1.02820e+03	2.29385e-22	1.02820e+03	3.62341e-21	1.02820e+03	3.72626e-21	1.02820e+03	3.62341e-21	1.02820e+03	2.23053e-22
1.02855e+03	2.26082e-22	1.02855e+03	3.59174e-21	1.02855e+03	3.73237e-21	1.02855e+03	3.59174e-21	1.02855e+03	2.17563e-22
1.02890e+03	2.24122e-22	1.02890e+03	3.56442e-21	1.02890e+03	3.76019e-21	1.02890e+03	3.56442e-21	1.02890e+03	2.12453e-22
1.02925e+03	2.21255e-22	1.02925e+03	3.54089e-21	1.02925e+03	3.77243e-21	1.02925e+03	3.54089e-21	1.02925e+03	2.07676e-22
1.02960e+03	2.17016e-22	1.02960e+03	3.51908e-21	1.02960e+03	3.76024e-21	1.02960e+03	3.51908e-21	1.02960e+03	2.03098e-22
1.02995e+03	2.11828e-22	1.02995e+03	3.49844e-21	1.02995e+03	3.72991e-21	1.02995e+03	3.49844e-21	1.02995e+03	1.98682e-22
1.03030e+03	2.05895e-22	1.03030e+03	3.48038e-21	1.03030e+03	3.68425e-21	1.03030e+03	3.48038e-21	1.03030e+03	1.94502e-22
1.03065e+03	1.99182e-22	1.03065e+03	3.46574e-21	1.03065e+03	3.62189e-21	1.03065e+03	3.46574e-21	1.03065e+03	1.90595e-22
1.03100e+03	1.93536e-22	1.03100e+03	3.45286e-21	1.03100e+03	3.57623e-21	1.03100e+03	3.45286e-21	1.03100e+03	1.86860e-22
1.03135e+03	1.89873e-22	1.03135e+03	3.43888e-21	1.03135e+03	3.56532e-21	1.03135e+03	3.43888e-21	1.03135e+03	1.83139e-22
1.03170e+03	1.86195e-22	1.03170e+03	3.42233e-21	1.03170e+03	3.55281e-21	1.03170e+03	3.42233e-21	1.03170e+03	1.79357e-22
1.03205e+03	1.82206e-22	1.03205e+03	3.40356e-21	1.03205e+03	3.53288e-21	1.03205e+03	3.40356e-21	1.03205e+03	1.75536e-22
1.03240e+03	1.78831e-22	1.03240e+03	3.38269e-21	1.03240e+03	3.52346e-21	1.03240e+03	3.38269e-21	1.03240e+03	1.71686e-22
1.03275e+03	1.75598e-22	1.03275e+03	3.35825e-21	1.03275e+03	3.51559e-21	1.03275e+03	3.35825e-21	1.03275e+03	1.67739e-22
1.03310e+03	1.72623e-22	1.03310e+03	3.32883e-21	1.03310e+03	3.51178e-21	1.03310e+03	3.32883e-21	1.03310e+03	1.63630e-22
1.03345e+03	1.69713e-22	1.03345e+03	3.29570e-21	1.03345e+03	3.50824e-21	1.03345e+03	3.29570e-21	1.03345e+03	1.59431e-22
1.03380e+03	1.67882e-22	1.03380e+03	3.26280e-21	1.03380e+03	3.52628e-21	1.03380e+03	3.26280e-21	1.03380e+03	1.55338e-22
1.03415e+03	1.66413e-22	1.03415e+03	3.23380e-21	1.03415e+03	3.55171e-21	1.03415e+03	3.23380e-21	1.03415e+03	1.51518e-22
1.03450e+03	1.63291e-22	1.03450e+03	3.20948e-21	1.03450e+03	3.54113e-21	1.03450e+03	3.20948e-21	1.03450e+03	1.47998e-22
1.03485e+03	1.58739e-22	1.03485e+03	3.18834e-21	1.03485e+03	3.49775e-21	1.03485e+03	3.18834e-21	1.03485e+03	1.44697e-22
1.03520e+03	1.55128e-22	1.03520e+03	3.16915e-21	1.03520e+03	3.47309e-21	1.03520e+03	3.16915e-21	1.03520e+03	1.41552e-22
1.03555e+03	1.53091e-22	1.03555e+03	3.15195e-21	1.03555e+03	3.48252e-21	1.03555e+03	3.15195e-21	1.03555e+03	1.38559e-22
1.03590e+03	1.52578e-22	1.03590e+03	3.13649e-21	1.03590e+03	3.52653e-21	1.03590e+03	3.13649e-21	1.03590e+03	1.35703e-22
1.03625e+03	1.53228e-22	1.03625e+03	3.12071e-21	1.03625e+03	3.59832e-21	1.03625e+03	3.12071e-21	1.03625e+03	1.32890e-22
1.03660e+03	1.54814e-22	1.03660e+03	3.10171e-21	1.03660e+03	3.69381e-21	1.03660e+03	3.10171e-21	1.03660e+03	1.29998e-22
1.03695e+03	1.58068e-22	1.03695e+03	3.07828e-21	1.03695e+03	3.83182e-21	1.03695e+03	3.07828e-21	1.03695e+03	1.26983e-22
1.03730e+03	1.58979e-22	1.03730e+03	3.05181e-21	1.03730e+03	3.91557e-21	1.03730e+03	3.05181e-21	1.03730e+03	1.23909e-22
1.03765e+03	1.56077e-22	1.03765e+03	3.02450e-21	1.03765e+03	3.90556e-21	1.03765e+03	3.02450e-21	1.03765e+03	1.20867e-22
1.03800e+03	1.52318e-22	1.03800e+03	2.99711e-21	1.03800e+03	3.87239e-21	1.03800e+03	2.99711e-21	1.03800e+03	1.17889e-22
1.03835e+03	1.48410e-22	1.03835e+03	2.96896e-21	1.03835e+03	3.83328e-21	1.03835e+03	2.96896e-21	1.03835e+03	1.14947e-22
1.03870e+03	1.43941e-22	1.03870e+03	2.93962e-21	1.03870e+03	3.77718e-21	1.03870e+03	2.93962e-21	1.03870e+03	1.12024e-22
1.03905e+03	1.40616e-22	1.03905e+03	2.90979e-21	1.03905e+03	3.74874e-21	1.03905e+03	2.90979e-21	1.03905e+03	1.09147e-22
1.03940e+03	1.39002e-22	1.03940e+03	2.88037e-21	1.03940e+03	3.76475e-21	1.03940e+03	2.88037e-21	1.03940e+03	1.06349e-22
1.03975e+03	1.38953e-22	1.03975e+03	2.85101e-21	1.03975e+03	3.82335e-21	1.03975e+03	2.85101e-21	1.03975e+03	1.03615e-22
1.04010e+03	1.39495e-22	1.04010e+03	2.82059e-21	1.04010e+03	3.89934e-21	1.04010e+03	2.82059e-21	1.04010e+03	1.00904e-22
1.04045e+03	1.37428e-22	1.04045e+03	2.78879e-21	1.04045e+03	3.90266e-21	1.04045e+03	2.78879e-21	1.04045e+03	9.82044e-23
1.04080e+03	1.34946e-22	1.04080e+03	2.75670e-21	1.04080e+03	3.89306e-21	1.04080e+03	2.75670e-21	1.04080e+03	9.55561e-23
1.04115e+03	1.32907e-22	1.04115e+03	2.72549e-21	1.04115e+03	3.89512e-21	1.04115e+03	2.72549e-21	1.04115e+03	9.29974e-23
1.04150e+03	1.30062e-22	1.04150e+03	2.69490e-21	1.04150e+03	3.87225e-21	1.04150e+03	2.69490e-21	1.04150e+03	9.05172e-23
1.04185e+03	1.26382e-22	1.04185e+03	2.66368e-21	1.04185e+03	3.82234e-21	1.04185e+03	2.66368e-21	1.04185e+03	8.80720e-23
1.04220e+03	1.22186e-22	1.04220e+03	2.63142e-21	1.04220e+03	3.75399e-21	1.04220e+03	2.63142e-21	1.04220e+03	8.56478e-23
1.04255e+03	1.18727e-22	1.04255e+03	2.59925e-21	1.04255e+03	3.70548e-21	1.04255e+03	2.59925e-21	1.04255e+03	8.32820e-23
1.04290e+03	1.15849e-22	1.04290e+03	2.56850e-21	1.04290e+03	3.67288e-21	1.04290e+03	2.56850e-21	1.04290e+03	8.10145e-23
1.04325e+03	1.12940e-22	1.04325e+03	2.53879e-21	1.04325e+03	3.63728e-21	1.04325e+03	2.53879e-21	1.04325e+03	7.88308e-23
1.04360e+03	1.09918e-22	1.04360e+03	2.50821e-21	1.04360e+03	3.59593e-21	1.04360e+03	2.50821e-21	1.04360e+03	7.66694e-23
1.04395e+03	1.08078e-22	1.04395e+03	2.47530e-21	1.04395e+03	3.59157e-21	1.04395e+03	2.47530e-21	1.04395e+03	7.44871e-23
1.04430e+03	1.07765e-22	1.04430e+03	2.44059e-21	1.04430e+03	3.63770e-21	1.04430e+03	2.44059e-21	1.04430e+03	7.23014e-23
1.04465e+03	1.06258e-22	1.04465e+03	2.40581e-21	1.04465e+03	3.64339e-21	1.04465e+03	2.40581e-21	1.04465e+03	7.01646e-23
1.04500e+03	1.04166e-22	1.04500e+03	2.37205e-21	1.04500e+03	3.62797e-21	1.04500e+03	2.37205e-21	1.04500e+03	6.81064e-23
1.04535e+03	1.01600e-22	1.04535e+03	2.33907e-21	1.04535e+03	3.59433e-21	1.04535e+03	2.33907e-21	1.04535e+03	6.61181e-23
1.04570e+03	9.97657e-23	1.04570e+03	2.30639e-21	1.04570e+03	3.58499e-21	1.04570e+03	2.30639e-21	1.04570e+03	6.41841e-23
1.04605e+03	9.89325e-23	1.04605e+03	2.27427e-21	1.04605e+03	3.61097e-21	1.04605e+03	2.27427e-21	1.04605e+03	6.23100e-23
1.04640e+03	9.76058e-23	1.04640e+03	2.24318e-21	1.04640e+03	3.61854e-21	1.04640e+03	2.24318e-21	1.04640e+03	6.05069e-23
1.04675e+03	9.52917e-23	1.04675e+03	2.21278e-21	1.04675e+03	3.58825e-21	1.04675e+03	2.21278e-21	1.04675e+03	5.87639e-23
1.04710e+03	9.32164e-23	1.04710e+03	2.18230e-21	1.04710e+03	3.56520e-21	1.04710e+03	2.18230e-21	1.04710e+03	5.70588e-23
1.04745e+03	9.22537e-23	1.04745e+03	2.15218e-21	1.04745e+03	3.58374e-21	1.04745e+03	2.15218e-21	1.04745e+03	5.54022e-23
1.04780e+03	9.08832e-23	1.04780e+03	2.12474e-21	1.04780e+03	3.58584e-21	1.04780e+03	2.12474e-21	1.04780e+03	5.38516e-23
1.04815e+03	8.89583e-23	1.04815e+03	2.10212e-21	1.04815e+03	3.56488e-21	1.04815e+03	2.10212e-21	1.04815e+03	5.24564e-23
1.04850e+03	8.61148e-23	1.04850e+03	2.08322e-21	1.04850e+03	3.50496e-21	1.04850e+03	2.08322e-21	1.04850e+03	5.11833e-23
1.04885e+03	8.60342e-23	1.04885e+03	2.06304e-21	1.04885e+03	3.55647e-21	1.04885e+03	2.06304e-21	1.04885e+03	4.99069e-23
1.04920e+03	8.70690e-23	1.04920e+03	2.03558e-21	1.04920e+03	3.65552e-21	1.04920e+03	2.03558e-21	1.04920e+03	4.84844e-23
1.04955e+03	8.69482e-23	1.04955e+03	1.99755e-21	1.04955e+03	3.70748e-21	1.04955e+03	1.99755e-21	1.04955e+03	4.68468e-23
1.04990e+03	8.51816e-23	1.04990e+03	1.94975e-21	1.04990e+03	3.68887e-21	1.04990e+03	1.94975e-21	1.04990e+03	4.50227e-23
1.05025e+03	8.43356e-23	1.05025e+03	1.89540e-21	1.05025e+03	3.70922e-21	1.05025e+03	1.89540e-21	1.05025e+03	4.30953e-23
1.05060e+03	8.40187e-23	1.05060e+03	1.83840e-21	1.05060e+03	3.75290e-21	1.05060e+03	1.83840e-21	1.05060e+03	4.11574e-23
1.05095e+03	8.42963e-23	1.05095e+03	1.78305e-21	1.05095e+03	3.82398e-21	1.05095e+03	1.78305e-21	1.05095e+03	3.93057e-23
1.05130e+03	8.32918e-23	1.05130e+03	1.73431e-21	1.05130e+03	3.83724e-21	1.05130e+03	1.73431e-21	1.05130e+03	3.76451e-23
1.05165e+03	8.20099e-23	1.05165e+03	1.69615e-21	1.05165e+03	3.83698e-21	1.05165e+03	1.69615e-21	1.05165e+03	3.62528e-23
1.05200e+03	8.23677e-23	1.05200e+03	1.66878e-21	1.05200e+03	3.91365e-21	1.05200e+03	1.66878e-21	1.05200e+03	3.51215e-23
1.05235e+03	8.32617e-23	1.05235e+03	1.64789e-21	1.05235e+03	4.01761e-21	1.05235e+03	1.64789e-21	1.05235e+03	3.41511e-23
1.05270e+03	8.33430e-23	1.05270e+03	1.62790e-21	1.05270e+03	4.08399e-21	1.05270e+03	1.62790e-21	1.05270e+03	3.32210e-23
1.05305e+03	8.19188e-23	1.05305e+03	1.60631e-21	1.05305e+03	4.07650e-21	1.05305e+03	1.60631e-21	1.05305e+03	3.22795e-23
1.05340e+03	8.23150e-23	1.05340e+03	1.58461e-21	1.05340e+03	4.15975e-21	1.05340e+03	1.58461e-21	1.05340e+03	3.13570e-23
1.05375e+03	8.39867e-23	1.05375e+03	1.56494e-21	1.05375e+03	4.31001e-21	1.05375e+03	1.56494e-21	1.05375e+03	3.04951e-23
1.05410e+03	8.56267e-23	1.05410e+03	1.54674e-21	1.05410e+03	4.46223e-21	1.05410e+03	1.54674e-21	1.05410e+03	2.96808e-23
1.05445e+03	8.63681e-23	1.05445e+03	1.52749e-21	1.05445e+03	4.57053e-21	1.05445e+03	1.52749e-21	1.05445e+03	2.88645e-23
1.05480e+03	8.59847e-23	1.05480e+03	1.50623e-21	1.05480e+03	4.62062e-21	1.05480e+03	1.50623e-21	1.05480e+03	2.80292e-23
1.05515e+03	8.43026e-23	1.05515e+03	1.48497e-21	1.05515e+03	4.60026e-21	1.05515e+03	1.48497e-21	1.05515e+03	2.72129e-23
1.05550e+03	8.41868e-23	1.05550e+03	1.46564e-21	1.05550e+03	4.66491e-21	1.05550e+03	1.46564e-21	1.05550e+03	2.64502e-23
1.05585e+03	8.36982e-23	1.05585e+03	1.44669e-21	1.05585e+03	4.70943e-21	1.05585e+03	1.44669e-21	1.05585e+03	2.57113e-23
1.05620e+03	8.27688e-23	1.05620e+03	1.42441e-21	1.05620e+03	4.72898e-21	1.05620e+03	1.42441e-21	1.05620e+03	2.49307e-23
1.05655e+03	8.29978e-23	1.05655e+03	1.39817e-21	1.05655e+03	4.81517e-21	1.05655e+03	1.39817e-21	1.05655e+03	2.40999e-23
1.05690e+03	8.24883e-23	1.05690e+03	1.37258e-21	1.05690e+03	4.85934e-21	1.05690e+03	1.37258e-21	1.05690e+03	2.32998e-23
1.05725e+03	8.05763e-23	1.05725e+03	1.35258e-21	1.05725e+03	4.81978e-21	1.05725e+03	1.35258e-21	1.05725e+03	2.26122e-23
1.05760e+03	7.87014e-23	1.05760e+03	1.33631e-21	1.05760e+03	4.78006e-21	1.05760e+03	1.33631e-21	1.05760e+03	2.20017e-23
1.05795e+03	7.71495e-23	1.05795e+03	1.31499e-21	1.05795e+03	4.75785e-21	1.05795e+03	1.31499e-21	1.05795e+03	2.13228e-23
1.05830e+03	7.59778e-23	1.05830e+03	1.28176e-21	1.05830e+03	4.75759e-21	1.05830e+03	1.28176e-21	1.05830e+03	2.04694e-23
1.05865e+03	7.65130e-23	1.05865e+03	1.24047e-21	1.05865e+03	4.86467e-21	1.05865e+03	1.24047e-21	1.05865e+03	1.95105e-23
1.05900e+03	7.75918e-23	1.05900e+03	1.20378e-21	1.05900e+03	5.00895e-21	1.05900e+03	1.20378e-21	1.05900e+03	1.86472e-23
1.05935e+03	7.77299e-23	1.05935e+03	1.18127e-21	1.05935e+03	5.09481e-21	1.05935e+03	1.18127e-21	1.05935e+03	1.80223e-23
1.05970e+03	7.72906e-23	1.05970e+03	1.16992e-21	1.05970e+03	5.14365e-21	1.05970e+03	1.16992e-21	1.05970e+03	1.75798e-23
1.06005e+03	7.67097e-23	1.06005e+03	1.15730e-21	1.06005e+03	5.18318e-21	1.06005e+03	1.15730e-21	1.06005e+03	1.71278e-23
1.06040e+03	7.67848e-23	1.06040e+03	1.13421e-21	1.06040e+03	5.26765e-21	1.06040e+03	1.13421e-21	1.06040e+03	1.65330e-23
1.06075e+03	7.77370e-23	1.06075e+03	1.10313e-21	1.06075e+03	5.41453e-21	1.06075e+03	1.10313e-21	1.06075e+03	1.58377e-23
1.06110e+03	7.74971e-23	1.06110e+03	1.07394e-21	1.06110e+03	5.48032e-21	1.06110e+03	1.07394e-21	1.06110e+03	1.51866e-23
1.06145e+03	7.68232e-23	1.06145e+03	1.05277e-21	1.06145e+03	5.51564e-21	1.06145e+03	1.05277e-21	1.06145e+03	1.46633e-23
1.06180e+03	7.53939e-23	1.06180e+03	1.03662e-21	1.06180e+03	5.49564e-21	1.06180e+03	1.03662e-21	1.06180e+03	1.42213e-23
1.06215e+03	7.41506e-23	1.06215e+03	1.01869e-21	1.06215e+03	5.48745e-21	1.06215e+03	1.01869e-21	1.06215e+03	1.37654e-23
1.06250e+03	7.17536e-23	1.06250e+03	9.96770e-22	1.06250e+03	5.39101e-21	1.06250e+03	9.96770e-22	1.06250e+03	1.32669e-23
1.06285e+03	6.96993e-23	1.06285e+03	9.74562e-22	1.06285e+03	5.31644e-21	1.06285e+03	9.74562e-22	1.06285e+03	1.27767e-23
1.06320e+03	6.93721e-23	1.06320e+03	9.55620e-22	1.06320e+03	5.37203e-21	1.06320e+03	9.55620e-22	1.06320e+03	1.23405e-23
1.06355e+03	7.04014e-23	1.06355e+03	9.38334e-22	1.06355e+03	5.53467e-21	1.06355e+03	9.38334e-22	1.06355e+03	1.19357e-23
1.06390e+03	7.09508e-23	1.06390e+03	9.18284e-22	1.06390e+03	5.66266e-21	1.06390e+03	9.18284e-22	1.06390e+03	1.15057e-23
1.06425e+03	6.99215e-23	1.06425e+03	8.94355e-22	1.06425e+03	5.66529e-21	1.06425e+03	8.94355e-22	1.06425e+03	1.10382e-23
1.06460e+03	6.96499e-23	1.06460e+03	8.70459e-22	1.06460e+03	5.72897e-21	1.06460e+03	8.70459e-22	1.06460e+03	1.05826e-23
1.06495e+03	6.91448e-23	1.06495e+03	8.50699e-22	1.06495e+03	5.77371e-21	1.06495e+03	8.50699e-22	1.06495e+03	1.01878e-23
1.06530e+03	6.89277e-23	1.06530e+03	8.34263e-22	1.06530e+03	5.84285e-21	1.06530e+03	8.34263e-22	1.06530e+03	9.84175e-24
1.06565e+03	6.92513e-23	1.06565e+03	8.16528e-22	1.06565e+03	5.95922e-21	1.06565e+03	8.16528e-22	1.06565e+03	9.48875e-24
1.06600e+03	6.84814e-23	1.06600e+03	7.94876e-22	1.06600e+03	5.98221e-21	1.06600e+03	7.94876e-22	1.06600e+03	9.09936e-24
1.06635e+03	6.73448e-23	1.06635e+03	7.71967e-22	1.06635e+03	5.97194e-21	1.06635e+03	7.71967e-22	1.06635e+03	8.70536e-24
1.06670e+03	6.62213e-23	1.06670e+03	7.52599e-22	1.06670e+03	5.96112e-21	1.06670e+03	7.52599e-22	1.06670e+03	8.36052e-24
1.06705e+03	6.44685e-23	1.06705e+03	7.38253e-22	1.06705e+03	5.89104e-21	1.06705e+03	7.38253e-22	1.06705e+03	8.07906e-24
1.06740e+03	6.37444e-23	1.06740e+03	7.25861e-22	1.06740e+03	5.91283e-21	1.06740e+03	7.25861e-22	1.06740e+03	7.82527e-24
1.06775e+03	6.38919e-23	1.06775e+03	7.11798e-22	1.06775e+03	6.01597e-21	1.06775e+03	7.11798e-22	1.06775e+03	7.55957e-24
1.06810e+03	6.51804e-23	1.06810e+03	6.95846e-22	1.06810e+03	6.22985e-21	1.06810e+03	6.95846e-22	1.06810e+03	7.28036e-24
1.06845e+03	6.52966e-23	1.06845e+03	6.80539e-22	1.06845e+03	6.33502e-21	1.06845e+03	6.80539e-22	1.06845e+03	7.01448e-24
1.06880e+03	6.50059e-23	1.06880e+03	6.67348e-22	1.06880e+03	6.40181e-21	1.06880e+03	6.67348e-22	1.06880e+03	6.77645e-24
1.06915e+03	6.30460e-23	1.06915e+03	6.54771e-22	1.06915e+03	6.30226e-21	1.06915e+03	6.54771e-22	1.06915e+03	6.55014e-24
1.06950e+03	5.98837e-23	1.06950e+03	6.40423e-22	1.06950e+03	6.07620e-21	1.06950e+03	6.40423e-22	1.06950e+03	6.31166e-24
1.06985e+03	5.60134e-23	1.06985e+03	6.24094e-22	1.06985e+03	5.76893e-21	1.06985e+03	6.24094e-22	1.06985e+03	6.05964e-24
1.07020e+03	5.31533e-23	1.07020e+03	6.07885e-22	1.07020e+03	5.55660e-21	1.07020e+03	6.07885e-22	1.07020e+03	5.81490e-24
1.07055e+03	5.23031e-23	1.07055e+03	5.93546e-22	1.07055e+03	5.54981e-21	1.07055e+03	5.93546e-22	1.07055e+03	5.59376e-24
1.07090e+03	5.32363e-23	1.07090e+03	5.80507e-22	1.07090e+03	5.73357e-21	1.07090e+03	5.80507e-22	1.07090e+03	5.39001e-24
1.07125e+03	5.54657e-23	1.07125e+03	5.66856e-22	1.07125e+03	6.06325e-21	1.07125e+03	5.66856e-22	1.07125e+03	5.18552e-24
1.07160e+03	5.44524e-23	1.07160e+03	5.51752e-22	1.07160e+03	6.04167e-21	1.07160e+03	5.51752e-22	1.07160e+03	4.97284e-24
1.07195e+03	5.15872e-23	1.07195e+03	5.36308e-22	1.07195e+03	5.80947e-21	1.07195e+03	5.36308e-22	1.07195e+03	4.76233e-24
1.07230e+03	4.69751e-23	1.07230e+03	5.22263e-22	1.07230e+03	5.36924e-21	1.07230e+03	5.22263e-22	1.07230e+03	4.56924e-24
1.07265e+03	4.08683e-23	1.07265e+03	5.10363e-22	1.07265e+03	4.74108e-21	1.07265e+03	5.10363e-22	1.07265e+03	4.39934e-24
1.07300e+03	3.41895e-23	1.07300e+03	5.00191e-22	1.07300e+03	4.02555e-21	1.07300e+03	5.00191e-22	1.07300e+03	4.24818e-24
1.07335e+03	2.92679e-23	1.07335e+03	4.91040e-22	1.07335e+03	3.49754e-21	1.07335e+03	4.91040e-22	1.07335e+03	4.10910e-24
1.07370e+03	2.73443e-23	1.07370e+03	4.82372e-22	1.07370e+03	3.31644e-21	1.07370e+03	4.82372e-22	1.07370e+03	3.97720e-24
1.07405e+03	2.89306e-23	1.07405e+03	4.73552e-22	1.07405e+03	3.56116e-21	1.07405e+03	4.73552e-22	1.07405e+03	3.84710e-24
1.07440e+03	3.18741e-23	1.07440e+03	4.63820e-22	1.07440e+03	3.98196e-21	1.07440e+03	4.63820e-22	1.07440e+03	3.71270e-24
1.07475e+03	3.38899e-23	1.07475e+03	4.53009e-22	1.07475e+03	4.29685e-21	1.07475e+03	4.53009e-22	1.07475e+03	3.57295e-24
1.07510e+03	3.57177e-23	1.07510e+03	4.42131e-22	1.07510e+03	4.59601e-21	1.07510e+03	4.42131e-22	1.07510e+03	3.43601e-24
1.07545e+03	3.57431e-23	1.07545e+03	4.32739e-22	1.07545e+03	4.66769e-21	1.07545e+03	4.32739e-22	1.07545e+03	3.31372e-24
1.07580e+03	3.45499e-23	1.07580e+03	4.25454e-22	1.07580e+03	4.57894e-21	1.07580e+03	4.25454e-22	1.07580e+03	3.21022e-24
1.07615e+03	3.34186e-23	1.07615e+03	4.19243e-22	1.07615e+03	4.49481e-21	1.07615e+03	4.19243e-22	1.07615e+03	3.11705e-24
1.07650e+03	3.22558e-23	1.07650e+03	4.12327e-22	1.07650e+03	4.40281e-21	1.07650e+03	4.12327e-22	1.07650e+03	3.02078e-24
1.07685e+03	3.19653e-23	1.07685e+03	4.03804e-22	1.07685e+03	4.42790e-21	1.07685e+03	4.03804e-22	1.07685e+03	2.91509e-24
1.07720e+03	3.21838e-23	1.07720e+03	3.94297e-22	1.07720e+03	4.52426e-21	1.07720e+03	3.94297e-22	1.07720e+03	2.80487e-24
1.07755e+03	3.24754e-23	1.07755e+03	3.85090e-22	1.07755e+03	4.63289e-21	1.07755e+03	3.85090e-22	1.07755e+03	2.69938e-24
1.07790e+03	3.35588e-23	1.07790e+03	3.76854e-22	1.07790e+03	4.85834e-21	1.07790e+03	3.76854e-22	1.07790e+03	2.60311e-24
1.07825e+03	3.52834e-23	1.07825e+03	3.69328e-22	1.07825e+03	5.18361e-21	1.07825e+03	3.69328e-22	1.07825e+03	2.51391e-24
1.07860e+03	3.63410e-23	1.07860e+03	3.62041e-22	1.07860e+03	5.41792e-21	1.07860e+03	3.62041e-22	1.07860e+03	2.42841e-24
1.07895e+03	3.66922e-23	1.07895e+03	3.55059e-22	1.07895e+03	5.55112e-21	1.07895e+03	3.55059e-22	1.07895e+03	2.34689e-24
1.07930e+03	3.74122e-23	1.07930e+03	3.48831e-22	1.07930e+03	5.74364e-21	1.07930e+03	3.48831e-22	1.07930e+03	2.27217e-24
1.07965e+03	3.63499e-23	1.07965e+03	3.43455e-22	1.07965e+03	5.66293e-21	1.07965e+03	3.43455e-22	1.07965e+03	2.20462e-24
1.08000e+03	3.35285e-23	1.08000e+03	3.38354e-22	1.08000e+03	5.30042e-21	1.08000e+03	3.38354e-22	1.08000e+03	2.14030e-24
1.08035e+03	3.01017e-23	1.08035e+03	3.32838e-22	1.08035e+03	4.82883e-21	1.08035e+03	3.32838e-22	1.08035e+03	2.07483e-24
1.08070e+03	2.67753e-23	1.08070e+03	3.26924e-22	1.08070e+03	4.35849e-21	1.08070e+03	3.26924e-22	1.08070e+03	2.00838e-24
1.08105e+03	2.42603e-23	1.08105e+03	3.21393e-22	1.08105e+03	4.00723e-21	1.08105e+03	3.21393e-22	1.08105e+03	1.94576e-24
1.08140e+03	2.27705e-23	1.08140e+03	3.16920e-22	1.08140e+03	3.81648e-21	1.08140e+03	3.16920e-22	1.08140e+03	1.89086e-24
1.08175e+03	2.16880e-23	1.08175e+03	3.13228e-22	1.08175e+03	3.68848e-21	1.08175e+03	3.13228e-22	1.08175e+03	1.84176e-24
1.08210e+03	2.08677e-23	1.08210e+03	3.09322e-22	1.08210e+03	3.60111e-21	1.08210e+03	3.09322e-22	1.08210e+03	1.79246e-24
1.08245e+03	2.01816e-23	1.08245e+03	3.04613e-22	1.08245e+03	3.53386e-21	1.08245e+03	3.04613e-22	1.08245e+03	1.73962e-24
1.08280e+03	2.00395e-23	1.08280e+03	2.99652e-22	1.08280e+03	3.56046e-21	1.08280e+03	2.99652e-22	1.08280e+03	1.68655e-24
1.08315e+03	2.00398e-23	1.08315e+03	2.95503e-22	1.08315e+03	3.61272e-21	1.08315e+03	2.95503e-22	1.08315e+03	1.63916e-24
1.08350e+03	2.00728e-23	1.08350e+03	2.92400e-22	1.08350e+03	3.67170e-21	1.08350e+03	2.92400e-22	1.08350e+03	1.59852e-24
1.08385e+03	1.94856e-23	1.08385e+03	2.89339e-22	1.08385e+03	3.61648e-21	1.08385e+03	2.89339e-22	1.08385e+03	1.55896e-24
1.08420e+03	1.88051e-23	1.08420e+03	2.85229e-22	1.08420e+03	3.54126e-21	1.08420e+03	2.85229e-22	1.08420e+03	1.51465e-24
1.08455e+03	1.76726e-23	1.08455e+03	2.80321e-22	1.08455e+03	3.37666e-21	1.08455e+03	2.80321e-22	1.08455e+03	1.46713e-24
1.08490e+03	1.68205e-23	1.08490e+03	2.76103e-22	1.08490e+03	3.26082e-21	1.08490e+03	2.76103e-22	1.08490e+03	1.42424e-24
1.08525e+03	1.62635e-23	1.08525e+03	2.73624e-22	1.08525e+03	3.19888e-21	1.08525e+03	2.73624e-22	1.08525e+03	1.39113e-24
1.08560e+03	1.60233e-23	1.08560e+03	2.72198e-22	1.08560e+03	3.19766e-21	1.08560e+03	2.72198e-22	1.08560e+03	1.36397e-24
1.08595e+03	1.64660e-23	1.08595e+03	2.70123e-22	1.08595e+03	3.33392e-21	1.08595e+03	2.70123e-22	1.08595e+03	1.33411e-24
1.08630e+03	1.66734e-23	1.08630e+03	2.66610e-22	1.08630e+03	3.42514e-21	1.08630e+03	2.66610e-22	1.08630e+03	1.29785e-24
1.08665e+03	1.60442e-23	1.08665e+03	2.62576e-22	1.08665e+03	3.34390e-21	1.08665e+03	2.62576e-22	1.08665e+03	1.25986e-24
1.08700e+03	1.48846e-23	1.08700e+03	2.59315e-22	1.08700e+03	3.14738e-21	1.08700e+03	2.59315e-22	1.08700e+03	1.22635e-24
1.08735e+03	1.35024e-23	1.08735e+03	2.56747e-22	1.08735e+03	2.89665e-21	1.08735e+03	2.56747e-22	1.08735e+03	1.19680e-24
1.08770e+03	1.09218e-23	1.08770e+03	2.53526e-22	1.08770e+03	2.37711e-21	1.08770e+03	2.53526e-22	1.08770e+03	1.16485e-24
1.08805e+03	8.12984e-24	1.08805e+03	2.48892e-22	1.08805e+03	1.79515e-21	1.08805e+03	2.48892e-22	1.08805e+03	1.12718e-24
1.08840e+03	5.80208e-24	1.08840e+03	2.43868e-22	1.08840e+03	1.29976e-21	1.08840e+03	2.43868e-22	1.08840e+03	1.08862e-24
1.08875e+03	4.26612e-24	1.08875e+03	2.40190e-22	1.08875e+03	9.69549e-22	1.08875e+03	2.40190e-22	1.08875e+03	1.05686e-24
1.08910e+03	2.80356e-24	1.08910e+03	2.38302e-22	1.08910e+03	6.46398e-22	1.08910e+03	2.38302e-22	1.08910e+03	1.03356e-24
1.08945e+03	1.74435e-24	1.08945e+03	2.36964e-22	1.08945e+03	4.08012e-22	1.08945e+03	2.36964e-22	1.08945e+03	1.01308e-24
1.08980e+03	1.57015e-24	1.08980e+03	2.34978e-22	1.08980e+03	3.72584e-22	1.08980e+03	2.34978e-22	1.08980e+03	9.90249e-25
1.09015e+03	1.83228e-24	1.09015e+03	2.32729e-22	1.09015e+03	4.41078e-22	1.09015e+03	2.32729e-22	1.09015e+03	9.66776e-25
1.09050e+03	1.61504e-24	1.09050e+03	2.31515e-22	1.09050e+03	3.94408e-22	1.09050e+03	2.31515e-22	1.09050e+03	9.48022e-25
1.09085e+03	1.65753e-24	1.09085e+03	2.31559e-22	1.09085e+03	4.10635e-22	1.09085e+03	2.31559e-22	1.09085e+03	9.34689e-25
1.09120e+03	1.63522e-24	1.09120e+03	2.31344e-22	1.09120e+03	4.10960e-22	1.09120e+03	2.31344e-22	1.09120e+03	9.20525e-25
1.09155e+03	1.50526e-24	1.09155e+03	2.29233e-22	1.09155e+03	3.83758e-22	1.09155e+03	2.29233e-22	1.09155e+03	8.99143e-25
1.09190e+03	9.51612e-25	1.09190e+03	2.25328e-22	1.09190e+03	2.46110e-22	1.09190e+03	2.25328e-22	1.09190e+03	8.71257e-25
1.09225e+03	5.90244e-25	1.09225e+03	2.21291e-22	1.09225e+03	1.54852e-22	1.09225e+03	2.21291e-22	1.09225e+03	8.43486e-25
1.09260e+03	2.86431e-24	1.09260e+03	2.18480e-22	1.09260e+03	7.62287e-22	1.09260e+03	2.18480e-22	1.09260e+03	8.20944e-25
1.09295e+03	8.59016e-24	1.09295e+03	2.16833e-22	1.09295e+03	2.31904e-21	1.09295e+03	2.16833e-22	1.09295e+03	8.03191e-25
1.09330e+03	1.30520e-23	1.09330e+03	2.15680e-22	1.09330e+03	3.57428e-21	1.09330e+03	2.15680e-22	1.09330e+03	7.87586e-25
1.09365e+03	1.68060e-23	1.09365e+03	2.15006e-22	1.09365e+03	4.66851e-21	1.09365e+03	2.15006e-22	1.09365e+03	7.73992e-25
1.09400e+03	2.01744e-23	1.09400e+03	2.15260e-22	1.09400e+03	5.68475e-21	1.09400e+03	2.15260e-22	1.09400e+03	7.63928e-25
1.09435e+03	2.42304e-23	1.09435e+03	2.16089e-22	1.09435e+03	6.92570e-21	1.09435e+03	2.16089e-22	1.09435e+03	7.56013e-25
1.09470e+03	2.52826e-23	1.09470e+03	2.16053e-22	1.09470e+03	7.33018e-21	1.09470e+03	2.16053e-22	1.09470e+03	7.45193e-25
1.09505e+03	2.38453e-23	1.09505e+03	2.14031e-22	1.09505e+03	7.01262e-21	1.09505e+03	2.14031e-22	1.09505e+03	7.27777e-25
1.09540e+03	2.26018e-23	1.09540e+03	2.10530e-22	1.09540e+03	6.74219e-21	1.09540e+03	2.10530e-22	1.09540e+03	7.05757e-25
1.09575e+03	2.29025e-23	1.09575e+03	2.07072e-22	1.09575e+03	6.92976e-21	1.09575e+03	2.07072e-22	1.09575e+03	6.84361e-25
1.09610e+03	2.50350e-23	1.09610e+03	2.04381e-22	1.09610e+03	7.68347e-21	1.09610e+03	2.04381e-22	1.09610e+03	6.65935e-25
1.09645e+03	2.34634e-23	1.09645e+03	2.01793e-22	1.09645e+03	7.30414e-21	1.09645e+03	2.01793e-22	1.09645e+03	6.48228e-25
1.09680e+03	2.04820e-23	1.09680e+03	1.98643e-22	1.09680e+03	6.46719e-21	1.09680e+03	1.98643e-22	1.09680e+03	6.29113e-25
1.09715e+03	1.76442e-23	1.09715e+03	1.95632e-22	1.09715e+03	5.65076e-21	1.09715e+03	1.95632e-22	1.09715e+03	6.10850e-25
1.09750e+03	1.77243e-23	1.09750e+03	1.94153e-22	1.09750e+03	5.75747e-21	1.09750e+03	1.94153e-22	1.09750e+03	5.97697e-25
1.09785e+03	1.76994e-23	1.09785e+03	1.94380e-22	1.09785e+03	5.83144e-21	1.09785e+03	1.94380e-22	1.09785e+03	5.89977e-25
1.09820e+03	1.88085e-23	1.09820e+03	1.94790e-22	1.09820e+03	6.28523e-21	1.09820e+03	1.94790e-22	1.09820e+03	5.82907e-25
1.09855e+03	2.09251e-23	1.09855e+03	1.93943e-22	1.09855e+03	7.09219e-21	1.09855e+03	1.93943e-22	1.09855e+03	5.72218e-25
1.09890e+03	2.41615e-23	1.09890e+03	1.92271e-22	1.09890e+03	8.30573e-21	1.09890e+03	1.92271e-22	1.09890e+03	5.59320e-25
1.09925e+03	2.79997e-23	1.09925e+03	1.91461e-22	1.09925e+03	9.76215e-21	1.09925e+03	1.91461e-22	1.09925e+03	5.49145e-25
1.09960e+03	2.85770e-23	1.09960e+03	1.92167e-22	1.09960e+03	1.01051e-20	1.09960e+03	1.92167e-22	1.09960e+03	5.43442e-25
1.09995e+03	2.70515e-23	1.09995e+03	1.93042e-22	1.09995e+03	9.70170e-21	1.09995e+03	1.93042e-22	1.09995e+03	5.38265e-25
1.10030e+03	2.49388e-23	1.10030e+03	1.92358e-22	1.10030e+03	9.07105e-21	1.10030e+03	1.92358e-22	1.10030e+03	5.28843e-25
1.10065e+03	2.28615e-23	1.10065e+03	1.90124e-22	1.10065e+03	8.43355e-21	1.10065e+03	1.90124e-22	1.10065e+03	5.15385e-25
1.10100e+03	2.01691e-23	1.10100e+03	1.87994e-22	1.10100e+03	7.54589e-21	1.10100e+03	1.87994e-22	1.10100e+03	5.02481e-25
1.10135e+03	1.65526e-23	1.10135e+03	1.87181e-22	1.10135e+03	6.28065e-21	1.10135e+03	1.87181e-22	1.10135e+03	4.93314e-25
1.10170e+03	1.22268e-23	1.10170e+03	1.87115e-22	1.10170e+03	4.70503e-21	1.10170e+03	1.87115e-22	1.10170e+03	4.86250e-25
1.10205e+03	9.49546e-24	1.10205e+03	1.86367e-22	1.10205e+03	3.70571e-21	1.10205e+03	1.86367e-22	1.10205e+03	4.77544e-25
1.10240e+03	8.97857e-24	1.10240e+03	1.84333e-22	1.10240e+03	3.55358e-21	1.10240e+03	1.84333e-22	1.10240e+03	4.65742e-25
1.10275e+03	9.19315e-24	1.10275e+03	1.81466e-22	1.10275e+03	3.68996e-21	1.10275e+03	1.81466e-22	1.10275e+03	4.52105e-25
1.10310e+03	1.20656e-23	1.10310e+03	1.78209e-22	1.10310e+03	4.91136e-21	1.10310e+03	1.78209e-22	1.10310e+03	4.37801e-25
1.10345e+03	1.73451e-23	1.10345e+03	1.74606e-22	1.10345e+03	7.16013e-21	1.10345e+03	1.74606e-22	1.10345e+03	4.22976e-25
1.10380e+03	2.28292e-23	1.10380e+03	1.71238e-22	1.10380e+03	9.55703e-21	1.10380e+03	1.71238e-22	1.10380e+03	4.09042e-25
1.10415e+03	2.70205e-23	1.10415e+03	1.69666e-22	1.10415e+03	1.14712e-20	1.10415e+03	1.69666e-22	1.10415e+03	3.99651e-25
1.10450e+03	2.76824e-23	1.10450e+03	1.70970e-22	1.10450e+03	1.19179e-20	1.10450e+03	1.70970e-22	1.10450e+03	3.97123e-25
1.10485e+03	2.51335e-23	1.10485e+03	1.73870e-22	1.10485e+03	1.09730e-20	1.10485e+03	1.73870e-22	1.10485e+03	3.98248e-25
1.10520e+03	2.22185e-23	1.10520e+03	1.75285e-22	1.10520e+03	9.83689e-21	1.10520e+03	1.75285e-22	1.10520e+03	3.95915e-25
1.10555e+03	2.11961e-23	1.10555e+03	1.73404e-22	1.10555e+03	9.51628e-21	1.10555e+03	1.73404e-22	1.10555e+03	3.86231e-25
1.10590e+03	1.76120e-23	1.10590e+03	1.69846e-22	1.10590e+03	8.01834e-21	1.10590e+03	1.69846e-22	1.10590e+03	3.73061e-25
1.10625e+03	1.66663e-23	1.10625e+03	1.68046e-22	1.10625e+03	7.69440e-21	1.10625e+03	1.68046e-22	1.10625e+03	3.63992e-25
1.10660e+03	1.82240e-23	1.10660e+03	1.69441e-22	1.10660e+03	8.53171e-21	1.10660e+03	1.69441e-22	1.10660e+03	3.61931e-25
1.10695e+03	2.10305e-23	1.10695e+03	1.71872e-22	1.10695e+03	9.98380e-21	1.10695e+03	1.71872e-22	1.10695e+03	3.62043e-25
1.10730e+03	2.49137e-23	1.10730e+03	1.72063e-22	1.10730e+03	1.19931e-20	1.10730e+03	1.72063e-22	1.10730e+03	3.57431e-25
1.10765e+03	2.73951e-23	1.10765e+03	1.69199e-22	1.10765e+03	1.33725e-20	1.10765e+03	1.69199e-22	1.10765e+03	3.46623e-25
1.10800e+03	2.84183e-23	1.10800e+03	1.65500e-22	1.10800e+03	1.40663e-20	1.10800e+03	1.65500e-22	1.10800e+03	3.34361e-25
1.10835e+03	2.73056e-23	1.10835e+03	1.63487e-22	1.10835e+03	1.37047e-20	1.10835e+03	1.63487e-22	1.10835e+03	3.25736e-25
1.10870e+03	2.45139e-23	1.10870e+03	1.63510e-22	1.10870e+03	1.24757e-20	1.10870e+03	1.63510e-22	1.10870e+03	3.21285e-25
1.10905e+03	1.85488e-23	1.10905e+03	1.64208e-22	1.10905e+03	9.57188e-21	1.10905e+03	1.64208e-22	1.10905e+03	3.18208e-25
1.10940e+03	1.39392e-23	1.10940e+03	1.64671e-22	1.10940e+03	7.29369e-21	1.10940e+03	1.64671e-22	1.10940e+03	3.14709e-25
1.10975e+03	1.05727e-23	1.10975e+03	1.65256e-22	1.10975e+03	5.60938e-21	1.10975e+03	1.65256e-22	1.10975e+03	3.11476e-25
1.11010e+03	9.53332e-24	1.11010e+03	1.66393e-22	1.11010e+03	5.12854e-21	1.11010e+03	1.66393e-22	1.11010e+03	3.09304e-25
1.11045e+03	1.04200e-23	1.11045e+03	1.67546e-22	1.11045e+03	5.68368e-21	1.11045e+03	1.67546e-22	1.11045e+03	3.07163e-25
1.11080e+03	1.20309e-23	1.11080e+03	1.67906e-22	1.11080e+03	6.65383e-21	1.11080e+03	1.67906e-22	1.11080e+03	3.03592e-25
1.11115e+03	1.33522e-23	1.11115e+03	1.67672e-22	1.11115e+03	7.48750e-21	1.11115e+03	1.67672e-22	1.11115e+03	2.99005e-25
1.11150e+03	1.31376e-23	1.11150e+03	1.67858e-22	1.11150e+03	7.46967e-21	1.11150e+03	1.67858e-22	1.11150e+03	2.95228e-25
1.11185e+03	1.30202e-23	1.11185e+03	1.68810e-22	1.11185e+03	7.50588e-21	1.11185e+03	1.68810e-22	1.11185e+03	2.92829e-25
1.11220e+03	1.32280e-23	1.11220e+03	1.69571e-22	1.11220e+03	7.73173e-21	1.11220e+03	1.69571e-22	1.11220e+03	2.90115e-25
1.11255e+03	1.31645e-23	1.11255e+03	1.69073e-22	1.11255e+03	7.80152e-21	1.11255e+03	1.69073e-22	1.11255e+03	2.85299e-25
1.11290e+03	1.34343e-23	1.11290e+03	1.67526e-22	1.11290e+03	8.07193e-21	1.11290e+03	1.67526e-22	1.11290e+03	2.78818e-25
1.11325e+03	1.43745e-23	1.11325e+03	1.66072e-22	1.11325e+03	8.75664e-21	1.11325e+03	1.66072e-22	1.11325e+03	2.72616e-25
1.11360e+03	1.53641e-23	1.11360e+03	1.65268e-22	1.11360e+03	9.48930e-21	1.11360e+03	1.65268e-22	1.11360e+03	2.67585e-25
1.11395e+03	1.61427e-23	1.11395e+03	1.64591e-22	1.11395e+03	1.01084e-20	1.11395e+03	1.64591e-22	1.11395e+03	2.62847e-25
1.11430e+03	1.72711e-23	1.11430e+03	1.63638e-22	1.11430e+03	1.09647e-20	1.11430e+03	1.63638e-22	1.11430e+03	2.57755e-25
1.11465e+03	1.86076e-23	1.11465e+03	1.63114e-22	1.11465e+03	1.19767e-20	1.11465e+03	1.63114e-22	1.11465e+03	2.53422e-25
1.11500e+03	1.95078e-23	1.11500e+03	1.63947e-22	1.11500e+03	1.27298e-20	1.11500e+03	1.63947e-22	1.11500e+03	2.51242e-25
1.11535e+03	1.88575e-23	1.11535e+03	1.65637e-22	1.11535e+03	1.24755e-20	1.11535e+03	1.65637e-22	1.11535e+03	2.50371e-25
1.11570e+03	1.72005e-23	1.11570e+03	1.66303e-22	1.11570e+03	1.15365e-20	1.11570e+03	1.66303e-22	1.11570e+03	2.47951e-25
1.11605e+03	1.61557e-23	1.11605e+03	1.64725e-22	1.11605e+03	1.09853e-20	1.11605e+03	1.64725e-22	1.11605e+03	2.42255e-25
1.11640e+03	1.59682e-23	1.11640e+03	1.61848e-22	1.11640e+03	1.10076e-20	1.11640e+03	1.61848e-22	1.11640e+03	2.34784e-25
1.11675e+03	1.55201e-23	1.11675e+03	1.59705e-22	1.11675e+03	1.08463e-20	1.11675e+03	1.59705e-22	1.11675e+03	2.28525e-25
1.11710e+03	1.49201e-23	1.11710e+03	1.59112e-22	1.11710e+03	1.05706e-20	1.11710e+03	1.59112e-22	1.11710e+03	2.24582e-25
1.11745e+03	1.46769e-23	1.11745e+03	1.59040e-22	1.11745e+03	1.05415e-20	1.11745e+03	1.59040e-22	1.11745e+03	2.21431e-25
1.11780e+03	1.48025e-23	1.11780e+03	1.58335e-22	1.11780e+03	1.07780e-20	1.11780e+03	1.58335e-22	1.11780e+03	2.17457e-25
1.11815e+03	1.45455e-23	1.11815e+03	1.57281e-22	1.11815e+03	1.07365e-20	1.11815e+03	1.57281e-22	1.11815e+03	2.13079e-25
1.11850e+03	1.42128e-23	1.11850e+03	1.56923e-22	1.11850e+03	1.06351e-20	1.11850e+03	1.56923e-22	1.11850e+03	2.09711e-25
1.11885e+03	1.42131e-23	1.11885e+03	1.57285e-22	1.11885e+03	1.07815e-20	1.11885e+03	1.57285e-22	1.11885e+03	2.07347e-25
1.11920e+03	1.48489e-23	1.11920e+03	1.57165e-22	1.11920e+03	1.14184e-20	1.11920e+03	1.57165e-22	1.11920e+03	2.04384e-25
1.11955e+03	1.51139e-23	1.11955e+03	1.55846e-22	1.11955e+03	1.17816e-20	1.11955e+03	1.55846e-22	1.11955e+03	1.99925e-25
1.11990e+03	1.46169e-23	1.11990e+03	1.54213e-22	1.11990e+03	1.15504e-20	1.11990e+03	1.54213e-22	1.11990e+03	1.95155e-25
1.12025e+03	1.32828e-23	1.12025e+03	1.53547e-22	1.12025e+03	1.06400e-20	1.12025e+03	1.53547e-22	1.12025e+03	1.91685e-25
1.12060e+03	1.19393e-23	1.12060e+03	1.53605e-22	1.12060e+03	9.69476e-21	1.12060e+03	1.53605e-22	1.12060e+03	1.89168e-25
1.12095e+03	1.10228e-23	1.12095e+03	1.52835e-22	1.12095e+03	9.07305e-21	1.12095e+03	1.52835e-22	1.12095e+03	1.85678e-25
1.12130e+03	1.04287e-23	1.12130e+03	1.50603e-22	1.12130e+03	8.70139e-21	1.12130e+03	1.50603e-22	1.12130e+03	1.80499e-25
1.12165e+03	9.97516e-24	1.12165e+03	1.48389e-22	1.12165e+03	8.43674e-21	1.12165e+03	1.48389e-22	1.12165e+03	1.75448e-25
1.12200e+03	9.46090e-24	1.12200e+03	1.48064e-22	1.12200e+03	8.11107e-21	1.12200e+03	1.48064e-22	1.12200e+03	1.72704e-25
1.12235e+03	8.51808e-24	1.12235e+03	1.49398e-22	1.12235e+03	7.40245e-21	1.12235e+03	1.49398e-22	1.12235e+03	1.71914e-25
1.12270e+03	7.17571e-24	1.12270e+03	1.50202e-22	1.12270e+03	6.32096e-21	1.12270e+03	1.50202e-22	1.12270e+03	1.70513e-25
1.12305e+03	6.75783e-24	1.12305e+03	1.49109e-22	1.12305e+03	6.03401e-21	1.12305e+03	1.49109e-22	1.12305e+03	1.66996e-25
1.12340e+03	6.59522e-24	1.12340e+03	1.47419e-22	1.12340e+03	5.96904e-21	1.12340e+03	1.47419e-22	1.12340e+03	1.62883e-25
1.12375e+03	7.22636e-24	1.12375e+03	1.47523e-22	1.12375e+03	6.62931e-21	1.12375e+03	1.47523e-22	1.12375e+03	1.60809e-25
1.12410e+03	7.70759e-24	1.12410e+03	1.49902e-22	1.12410e+03	7.16699e-21	1.12410e+03	1.49902e-22	1.12410e+03	1.61209e-25
1.12445e+03	7.46278e-24	1.12445e+03	1.52505e-22	1.12445e+03	7.03372e-21	1.12445e+03	1.52505e-22	1.12445e+03	1.61808e-25
1.12480e+03	6.15728e-24	1.12480e+03	1.53168e-22	1.12480e+03	5.88213e-21	1.12480e+03	1.53168e-22	1.12480e+03	1.60332e-25
1.12515e+03	5.04745e-24	1.12515e+03	1.51834e-22	1.12515e+03	4.88739e-21	1.12515e+03	1.51834e-22	1.12515e+03	1.56807e-25
1.12550e+03	3.89798e-24	1.12550e+03	1.49944e-22	1.12550e+03	3.82560e-21	1.12550e+03	1.49944e-22	1.12550e+03	1.52781e-25
1.12585e+03	3.52193e-24	1.12585e+03	1.48287e-22	1.12585e+03	3.50342e-21	1.12585e+03	1.48287e-22	1.12585e+03	1.49071e-25
1.12620e+03	5.14725e-24	1.12620e+03	1.46468e-22	1.12620e+03	5.18960e-21	1.12620e+03	1.46468e-22	1.12620e+03	1.45273e-25
1.12655e+03	7.27611e-24	1.12655e+03	1.44395e-22	1.12655e+03	7.43537e-21	1.12655e+03	1.44395e-22	1.12655e+03	1.41303e-25
1.12690e+03	8.95239e-24	1.12690e+03	1.43133e-22	1.12690e+03	9.27219e-21	1.12690e+03	1.43133e-22	1.12690e+03	1.38196e-25
1.12725e+03	9.44147e-24	1.12725e+03	1.43473e-22	1.12725e+03	9.91105e-21	1.12725e+03	1.43473e-22	1.12725e+03	1.36676e-25
1.12760e+03	8.68752e-24	1.12760e+03	1.44257e-22	1.12760e+03	9.24292e-21	1.12760e+03	1.44257e-22	1.12760e+03	1.35589e-25
1.12795e+03	6.91494e-24	1.12795e+03	1.43276e-22	1.12795e+03	7.45644e-21	1.12795e+03	1.43276e-22	1.12795e+03	1.32871e-25
1.12830e+03	5.48241e-24	1.12830e+03	1.40093e-22	1.12830e+03	5.99156e-21	1.12830e+03	1.40093e-22	1.12830e+03	1.28188e-25
1.12865e+03	3.68087e-24	1.12865e+03	1.37063e-22	1.12865e+03	4.07701e-21	1.12865e+03	1.37063e-22	1.12865e+03	1.23745e-25
1.12900e+03	2.46170e-24	1.12900e+03	1.36837e-22	1.12900e+03	2.76341e-21	1.12900e+03	1.36837e-22	1.12900e+03	1.21897e-25
1.12935e+03	2.38139e-24	1.12935e+03	1.39273e-22	1.12935e+03	2.70929e-21	1.12935e+03	1.39273e-22	1.12935e+03	1.22417e-25
1.12970e+03	2.66897e-24	1.12970e+03	1.41647e-22	1.12970e+03	3.07737e-21	1.12970e+03	1.41647e-22	1.12970e+03	1.22849e-25
1.13005e+03	2.78697e-24	1.13005e+03	1.41889e-22	1.13005e+03	3.25669e-21	1.13005e+03	1.41889e-22	1.13005e+03	1.21424e-25
1.13040e+03	2.54803e-24	1.13040e+03	1.40674e-22	1.13040e+03	3.01753e-21	1.13040e+03	1.40674e-22	1.13040e+03	1.18786e-25
1.13075e+03	2.32870e-24	1.13075e+03	1.39885e-22	1.13075e+03	2.79487e-21	1.13075e+03	1.39885e-22	1.13075e+03	1.16553e-25
1.13110e+03	2.26654e-24	1.13110e+03	1.39844e-22	1.13110e+03	2.75683e-21	1.13110e+03	1.39844e-22	1.13110e+03	1.14973e-25
1.13145e+03	2.39119e-24	1.13145e+03	1.39182e-22	1.13145e+03	2.94750e-21	1.13145e+03	1.39182e-22	1.13145e+03	1.12913e-25
1.13180e+03	2.03390e-24	1.13180e+03	1.37349e-22	1.13180e+03	2.54073e-21	1.13180e+03	1.37349e-22	1.13180e+03	1.09950e-25
1.13215e+03	1.22328e-24	1.13215e+03	1.35964e-22	1.13215e+03	1.54861e-21	1.13215e+03	1.35964e-22	1.13215e+03	1.07401e-25
1.13250e+03	8.49532e-25	1.13250e+03	1.36892e-22	1.13250e+03	1.08988e-21	1.13250e+03	1.36892e-22	1.13250e+03	1.06703e-25
1.13285e+03	1.45887e-24	1.13285e+03	1.39576e-22	1.13285e+03	1.89669e-21	1.13285e+03	1.39576e-22	1.13285e+03	1.07357e-25
1.13320e+03	2.07748e-24	1.13320e+03	1.41393e-22	1.13320e+03	2.73710e-21	1.13320e+03	1.41393e-22	1.13320e+03	1.07319e-25
1.13355e+03	2.03762e-24	1.13355e+03	1.40732e-22	1.13355e+03	2.72051e-21	1.13355e+03	1.40732e-22	1.13355e+03	1.05407e-25
1.13390e+03	2.31572e-24	1.13390e+03	1.38753e-22	1.13390e+03	3.13314e-21	1.13390e+03	1.38753e-22	1.13390e+03	1.02553e-25
1.13425e+03	2.73334e-24	1.13425e+03	1.37602e-22	1.13425e+03	3.74759e-21	1.13425e+03	1.37602e-22	1.13425e+03	1.00361e-25
1.13460e+03	2.40713e-24	1.13460e+03	1.37636e-22	1.13460e+03	3.34442e-21	1.13460e+03	1.37636e-22	1.13460e+03	9.90627e-26
1.13495e+03	1.89955e-24	1.13495e+03	1.37378e-22	1.13495e+03	2.67442e-21	1.13495e+03	1.37378e-22	1.13495e+03	9.75754e-26
1.13530e+03	1.16997e-24	1.13530e+03	1.36003e-22	1.13530e+03	1.66920e-21	1.13530e+03	1.36003e-22	1.13530e+03	9.53272e-26
1.13565e+03	1.14618e-24	1.13565e+03	1.34621e-22	1.13565e+03	1.65706e-21	1.13565e+03	1.34621e-22	1.13565e+03	9.31173e-26
1.13600e+03	1.84623e-24	1.13600e+03	1.34579e-22	1.13600e+03	2.70469e-21	1.13600e+03	1.34579e-22	1.13600e+03	9.18642e-26
1.13635e+03	2.51322e-24	1.13635e+03	1.35375e-22	1.13635e+03	3.73083e-21	1.13635e+03	1.35375e-22	1.13635e+03	9.11932e-26
1.13670e+03	2.94672e-24	1.13670e+03	1.35373e-22	1.13670e+03	4.43255e-21	1.13670e+03	1.35373e-22	1.13670e+03	8.99947e-26
1.13705e+03	3.64334e-24	1.13705e+03	1.34350e-22	1.13705e+03	5.55330e-21	1.13705e+03	1.34350e-22	1.13705e+03	8.81429e-26
1.13740e+03	4.15336e-24	1.13740e+03	1.34075e-22	1.13740e+03	6.41481e-21	1.13740e+03	1.34075e-22	1.13740e+03	8.68089e-26
1.13775e+03	3.46916e-24	1.13775e+03	1.35837e-22	1.13775e+03	5.42924e-21	1.13775e+03	1.35837e-22	1.13775e+03	8.67970e-26
1.13810e+03	3.09944e-24	1.13810e+03	1.38345e-22	1.13810e+03	4.91499e-21	1.13810e+03	1.38345e-22	1.13810e+03	8.72414e-26
1.13845e+03	3.34360e-24	1.13845e+03	1.39138e-22	1.13845e+03	5.37250e-21	1.13845e+03	1.39138e-22	1.13845e+03	8.65934e-26
1.13880e+03	3.58557e-24	1.13880e+03	1.37739e-22	1.13880e+03	5.83767e-21	1.13880e+03	1.37739e-22	1.13880e+03	8.46009e-26
1.13915e+03	3.73191e-24	1.13915e+03	1.36129e-22	1.13915e+03	6.15641e-21	1.13915e+03	1.36129e-22	1.13915e+03	8.25189e-26
1.13950e+03	3.90498e-24	1.13950e+03	1.35824e-22	1.13950e+03	6.52720e-21	1.13950e+03	1.35824e-22	1.13950e+03	8.12585e-26
1.13985e+03	4.39748e-24	1.13985e+03	1.35717e-22	1.13985e+03	7.44768e-21	1.13985e+03	1.35717e-22	1.13985e+03	8.01342e-26
1.14020e+03	4.75802e-24	1.14020e+03	1.33953e-22	1.14020e+03	8.16485e-21	1.14020e+03	1.33953e-22	1.14020e+03	7.80604e-26
1.14055e+03	5.22833e-24	1.14055e+03	1.31264e-22	1.14055e+03	9.09047e-21	1.14055e+03	1.31264e-22	1.14055e+03	7.54958e-26
1.14090e+03	5.34851e-24	1.14090e+03	1.30715e-22	1.14090e+03	9.42224e-21	1.14090e+03	1.30715e-22	1.14090e+03	7.42001e-26
1.14125e+03	5.57218e-24	1.14125e+03	1.33645e-22	1.14125e+03	9.94583e-21	1.14125e+03	1.33645e-22	1.14125e+03	7.48751e-26
1.14160e+03	6.09373e-24	1.14160e+03	1.37280e-22	1.14160e+03	1.10202e-20	1.14160e+03	1.37280e-22	1.14160e+03	7.59105e-26
1.14195e+03	6.02389e-24	1.14195e+03	1.37793e-22	1.14195e+03	1.10375e-20	1.14195e+03	1.37793e-22	1.14195e+03	7.52028e-26
1.14230e+03	5.17509e-24	1.14230e+03	1.35192e-22	1.14230e+03	9.60718e-21	1.14230e+03	1.35192e-22	1.14230e+03	7.28239e-26
1.14265e+03	3.85126e-24	1.14265e+03	1.33461e-22	1.14265e+03	7.24372e-21	1.14265e+03	1.33461e-22	1.14265e+03	7.09573e-26
1.14300e+03	2.70873e-24	1.14300e+03	1.35398e-22	1.14300e+03	5.16180e-21	1.14300e+03	1.35398e-22	1.14300e+03	7.10521e-26
1.14335e+03	2.79551e-24	1.14335e+03	1.38849e-22	1.14335e+03	5.39721e-21	1.14335e+03	1.38849e-22	1.14335e+03	7.19175e-26
1.14370e+03	4.13460e-24	1.14370e+03	1.39461e-22	1.14370e+03	8.08748e-21	1.14370e+03	1.39461e-22	1.14370e+03	7.12972e-26
1.14405e+03	5.82899e-24	1.14405e+03	1.36368e-22	1.14405e+03	1.15515e-20	1.14405e+03	1.36368e-22	1.14405e+03	6.88123e-26
1.14440e+03	6.55474e-24	1.14440e+03	1.33203e-22	1.14440e+03	1.31603e-20	1.14440e+03	1.33203e-22	1.14440e+03	6.63443e-26
1.14475e+03	7.75575e-24	1.14475e+03	1.33114e-22	1.14475e+03	1.57758e-20	1.14475e+03	1.33114e-22	1.14475e+03	6.54419e-26
1.14510e+03	7.67922e-24	1.14510e+03	1.34731e-22	1.14510e+03	1.58249e-20	1.14510e+03	1.34731e-22	1.14510e+03	6.53799e-26
1.14545e+03	6.55630e-24	1.14545e+03	1.34628e-22	1.14545e+03	1.36879e-20	1.14545e+03	1.34628e-22	1.14545e+03	6.44850e-26
1.14580e+03	4.77378e-24	1.14580e+03	1.32610e-22	1.14580e+03	1.00969e-20	1.14580e+03	1.32610e-22	1.14580e+03	6.26974e-26
1.14615e+03	2.94948e-24	1.14615e+03	1.31972e-22	1.14615e+03	6.32002e-21	1.14615e+03	1.31972e-22	1.14615e+03	6.15898e-26
1.14650e+03	2.16849e-24	1.14650e+03	1.34103e-22	1.14650e+03	4.70731e-21	1.14650e+03	1.34103e-22	1.14650e+03	6.17766e-26
1.14685e+03	1.97391e-24	1.14685e+03	1.35486e-22	1.14685e+03	4.34091e-21	1.14685e+03	1.35486e-22	1.14685e+03	6.16083e-26
1.14720e+03	1.79798e-24	1.14720e+03	1.32412e-22	1.14720e+03	4.00567e-21	1.14720e+03	1.32412e-22	1.14720e+03	5.94344e-26
1.14755e+03	1.42383e-24	1.14755e+03	1.27410e-22	1.14755e+03	3.21351e-21	1.14755e+03	1.27410e-22	1.14755e+03	5.64523e-26
1.14790e+03	1.95773e-24	1.14790e+03	1.27381e-22	1.14790e+03	4.47615e-21	1.14790e+03	1.27381e-22	1.14790e+03	5.57126e-26
1.14825e+03	1.66519e-24	1.14825e+03	1.34118e-22	1.14825e+03	3.85690e-21	1.14825e+03	1.34118e-22	1.14825e+03	5.79043e-26
1.14860e+03	1.64456e-24	1.14860e+03	1.39790e-22	1.14860e+03	3.85875e-21	1.14860e+03	1.39790e-22	1.14860e+03	5.95770e-26
1.14895e+03	1.58983e-24	1.14895e+03	1.35771e-22	1.14895e+03	3.77891e-21	1.14895e+03	1.35771e-22	1.14895e+03	5.71206e-26
1.14930e+03	1.49245e-24	1.14930e+03	1.25795e-22	1.14930e+03	3.59361e-21	1.14930e+03	1.25795e-22	1.14930e+03	5.22435e-26
1.14965e+03	1.32282e-24	1.14965e+03	1.26039e-22	1.14965e+03	3.22658e-21	1.14965e+03	1.26039e-22	1.14965e+03	5.16727e-26
1.15000e+03	1.05131e-24	1.15000e+03	1.48627e-22	1.15000e+03	2.59766e-21	1.15000e+03	0.00000e+00	1.15000e+03	0.00000e+00
